timestamp,run_id,gpu_name,gpu_vram_mb,model_name,quantization,model_size_gb,context_length,prompt_tier,avg_ttft_ms,std_ttft_ms,ttft_p50_ms,ttft_p95_ms,ttft_p99_ms,ttft_first_ms,ttft_steady_ms,avg_tps,std_tps,avg_power_w,total_energy_wh,avg_kv_cache_estimated_mb,avg_kv_cache_estimated_percent,num_runs,perplexity,cpu_info,system_ram
2026-02-07T10:51:57.037943,,NVIDIA GeForce RTX 3080,10240,test-model,q4,1.0,1024,tiny,1.00,0.00,1.00,1.00,1.00,1.00,1.00,555.56,0.00,,,,,1,,AMD Ryzen Threadripper 2990WX 32-Core Processor,94.2 GB
2026-02-07T15:18:49.508689,,NVIDIA GeForce RTX 3080,10240,test-model,q4,1.0,1024,tiny,1.00,0.00,1.00,1.00,1.00,1.00,1.00,555.56,0.00,,,,,1,,AMD Ryzen Threadripper 2990WX 32-Core Processor,94.2 GB
2026-02-07T15:43:42.870635,,NVIDIA GeForce RTX 3080,10240,demo-model,fp16,7.0,4096,medium,121.71,45.55,132.81,175.13,175.13,175.13,108.36,35.80,10.80,126.7,1.3526,,,5,,AMD Ryzen Threadripper 2990WX 32-Core Processor,94.2 GB
2026-02-08T12:08:39.373965,2026-02-08T01-08-20Z_c1c3,NVIDIA GeForce RTX 3080,10240,DeepSeek-Coder-7B,Q8_0,6.671763718128204,1900,tiny,51.67,0.89,51.62,53.42,54.31,52.15,51.66,19.40,0.19,171.6,12.3962,72.5,,40,12.0515,AMD Ryzen Threadripper 2990WX 32-Core Processor,94.2 GB
2026-02-08T12:13:19.363724,2026-02-08T01-08-20Z_c1c3,NVIDIA GeForce RTX 3080,10240,DeepSeek-Coder-7B,Q8_0,6.671763718128204,1900,small,54.26,0.76,54.24,56.44,56.45,54.23,54.26,19.36,0.15,172.7,12.5189,84.0,,40,12.0515,AMD Ryzen Threadripper 2990WX 32-Core Processor,94.2 GB
2026-02-08T12:17:59.880156,2026-02-08T01-08-20Z_c1c3,NVIDIA GeForce RTX 3080,10240,DeepSeek-Coder-7B,Q8_0,6.671763718128204,1900,medium,53.28,0.57,53.34,54.20,54.63,53.90,53.26,18.81,0.21,172.2,12.5162,197.0,,40,12.0515,AMD Ryzen Threadripper 2990WX 32-Core Processor,94.2 GB
2026-02-08T12:22:48.838126,2026-02-08T01-08-20Z_c1c3,NVIDIA GeForce RTX 3080,10240,DeepSeek-Coder-7B,Q8_0,6.671763718128204,1900,large,59.81,1.12,60.16,61.73,61.93,60.60,59.79,16.86,0.23,169.2,14.0155,700.5,,40,12.0515,AMD Ryzen Threadripper 2990WX 32-Core Processor,94.2 GB
2026-02-08T12:28:11.590007,2026-02-08T01-08-20Z_c1c3,NVIDIA GeForce RTX 3080,10240,DeepSeek-Coder-7B,Q8_0,6.671763718128204,1900,xlarge,63.84,1.11,63.77,66.70,67.76,63.34,63.85,16.53,0.14,167.7,14.0279,958.5,,40,12.0515,AMD Ryzen Threadripper 2990WX 32-Core Processor,94.2 GB
2026-02-08T12:33:56.075734,2026-02-08T01-08-20Z_c1c3,NVIDIA GeForce RTX 3080,10240,DeepSeek-Coder-7B,Q6_K,5.151469528675079,4335,tiny,65.89,0.49,65.90,67.01,67.13,66.00,65.88,15.20,0.08,162.5,14.6863,72.5,,40,12.0863,AMD Ryzen Threadripper 2990WX 32-Core Processor,94.2 GB
2026-02-08T12:39:53.318634,2026-02-08T01-08-20Z_c1c3,NVIDIA GeForce RTX 3080,10240,DeepSeek-Coder-7B,Q6_K,5.151469528675079,4335,small,68.25,0.53,68.26,69.35,69.68,68.75,68.24,15.07,0.06,163.4,15.2731,84.0,,40,12.0863,AMD Ryzen Threadripper 2990WX 32-Core Processor,94.2 GB
2026-02-08T12:45:53.366281,2026-02-08T01-08-20Z_c1c3,NVIDIA GeForce RTX 3080,10240,DeepSeek-Coder-7B,Q6_K,5.151469528675079,4335,medium,69.24,0.43,69.28,70.06,70.27,70.27,69.22,14.46,0.04,162.1,15.3627,197.0,,40,12.0863,AMD Ryzen Threadripper 2990WX 32-Core Processor,94.2 GB
2026-02-08T12:52:08.705580,2026-02-08T01-08-20Z_c1c3,NVIDIA GeForce RTX 3080,10240,DeepSeek-Coder-7B,Q6_K,5.151469528675079,4335,large,83.70,1.48,83.47,86.85,87.73,87.73,83.60,12.37,0.14,159.9,17.9724,700.5,,40,12.0863,AMD Ryzen Threadripper 2990WX 32-Core Processor,94.2 GB
2026-02-08T12:59:28.616185,2026-02-08T01-08-20Z_c1c3,NVIDIA GeForce RTX 3080,10240,DeepSeek-Coder-7B,Q6_K,5.151469528675079,4335,xlarge,92.73,0.89,92.85,94.49,94.89,91.76,92.75,10.97,0.11,160.3,16.0880,2176.0,,40,12.0863,AMD Ryzen Threadripper 2990WX 32-Core Processor,94.2 GB
2026-02-08T13:06:16.224373,2026-02-08T01-08-20Z_c1c3,NVIDIA GeForce RTX 3080,10240,DeepSeek-Coder-7B,Q5_K_M,4.456538498401642,5759,tiny,58.52,0.53,58.52,59.54,59.64,57.78,58.54,17.11,0.09,160.6,13.0674,72.5,,40,12.1506,AMD Ryzen Threadripper 2990WX 32-Core Processor,94.2 GB
2026-02-08T13:11:33.649647,2026-02-08T01-08-20Z_c1c3,NVIDIA GeForce RTX 3080,10240,DeepSeek-Coder-7B,Q5_K_M,4.456538498401642,5759,small,62.10,2.85,61.47,69.00,77.89,61.25,62.12,16.80,0.38,160.8,13.4897,84.0,,40,12.1506,AMD Ryzen Threadripper 2990WX 32-Core Processor,94.2 GB
2026-02-08T13:16:56.975041,2026-02-08T01-08-20Z_c1c3,NVIDIA GeForce RTX 3080,10240,DeepSeek-Coder-7B,Q5_K_M,4.456538498401642,5759,medium,60.09,0.44,60.09,60.94,61.61,59.65,60.11,16.78,0.07,163.7,13.6848,197.0,,40,12.1506,AMD Ryzen Threadripper 2990WX 32-Core Processor,94.2 GB
2026-02-08T13:22:20.499962,2026-02-08T01-08-20Z_c1c3,NVIDIA GeForce RTX 3080,10240,DeepSeek-Coder-7B,Q5_K_M,4.456538498401642,5759,large,75.20,1.28,74.97,77.62,78.73,77.15,75.15,13.83,0.24,159.3,16.1927,700.5,,40,12.1506,AMD Ryzen Threadripper 2990WX 32-Core Processor,94.2 GB
2026-02-08T13:29:14.529215,2026-02-08T02-28-55Z_7bec,NVIDIA GeForce RTX 3080,10240,Gemma-2-9B-It,Q5_K_M,6.190842837095261,1789,tiny,53.65,0.55,53.70,54.77,55.71,53.73,53.65,18.80,0.10,185.5,11.8109,81.0,,40,7.6662,AMD Ryzen Threadripper 2990WX 32-Core Processor,94.2 GB
2026-02-08T13:33:28.402245,2026-02-08T02-28-55Z_7bec,NVIDIA GeForce RTX 3080,10240,Gemma-2-9B-It,Q5_K_M,6.190842837095261,1789,small,57.59,0.75,57.45,59.71,60.40,57.42,57.59,18.80,0.09,184.8,10.2991,82.7,,40,7.6662,AMD Ryzen Threadripper 2990WX 32-Core Processor,94.2 GB
2026-02-08T13:37:08.125812,2026-02-08T02-28-55Z_7bec,NVIDIA GeForce RTX 3080,10240,Gemma-2-9B-It,Q5_K_M,6.190842837095261,1789,medium,57.51,1.33,57.26,60.60,63.21,57.12,57.52,18.75,0.08,185.1,12.7877,106.2,,40,7.6662,AMD Ryzen Threadripper 2990WX 32-Core Processor,94.2 GB
2026-02-08T13:41:42.212907,2026-02-08T02-28-55Z_7bec,NVIDIA GeForce RTX 3080,10240,Gemma-2-9B-It,Q5_K_M,6.190842837095261,1789,large,58.32,1.19,57.88,60.75,60.81,57.46,58.35,18.55,0.11,184.6,13.4524,135.5,,40,7.6662,AMD Ryzen Threadripper 2990WX 32-Core Processor,94.2 GB
2026-02-08T13:46:35.133726,2026-02-08T02-28-55Z_7bec,NVIDIA GeForce RTX 3080,10240,Gemma-2-9B-It,Q5_K_M,6.190842837095261,1789,xlarge,64.92,0.45,64.91,65.78,66.87,64.99,64.92,1000.00,0.00,179.3,0.0012,700.5,,40,7.6662,AMD Ryzen Threadripper 2990WX 32-Core Processor,94.2 GB
2026-02-08T13:46:56.441918,2026-02-08T02-28-55Z_7bec,NVIDIA GeForce RTX 3080,10240,Gemma-2-9B-It,Q4_K_M,5.365403383970261,3261,tiny,55.69,0.41,55.71,56.59,56.95,55.60,55.69,18.10,0.10,177.9,11.0817,78.1,,40,7.7730,AMD Ryzen Threadripper 2990WX 32-Core Processor,94.2 GB
2026-02-08T13:51:08.092112,2026-02-08T02-28-55Z_7bec,NVIDIA GeForce RTX 3080,10240,Gemma-2-9B-It,Q4_K_M,5.365403383970261,3261,small,59.35,1.94,58.96,61.59,69.66,58.71,59.37,18.07,0.09,178.4,13.8960,100.5,,40,7.7730,AMD Ryzen Threadripper 2990WX 32-Core Processor,94.2 GB
2026-02-08T13:56:08.654758,2026-02-08T02-28-55Z_7bec,NVIDIA GeForce RTX 3080,10240,Gemma-2-9B-It,Q4_K_M,5.365403383970261,3261,medium,58.72,0.96,58.50,60.76,62.51,58.07,58.73,18.25,0.07,179.4,13.9850,110.2,,40,7.7730,AMD Ryzen Threadripper 2990WX 32-Core Processor,94.2 GB
2026-02-08T14:01:06.224951,2026-02-08T02-28-55Z_7bec,NVIDIA GeForce RTX 3080,10240,Gemma-2-9B-It,Q4_K_M,5.365403383970261,3261,large,59.82,1.22,59.84,62.88,63.34,58.23,59.87,18.02,0.13,178.8,13.9549,135.5,,40,7.7730,AMD Ryzen Threadripper 2990WX 32-Core Processor,94.2 GB
2026-02-08T14:06:07.571000,2026-02-08T02-28-55Z_7bec,NVIDIA GeForce RTX 3080,10240,Gemma-2-9B-It,Q4_K_M,5.365403383970261,3261,xlarge,74.83,0.43,74.93,75.52,75.88,74.99,74.82,1000.00,0.00,171.8,0.0012,1322.4,,40,7.7730,AMD Ryzen Threadripper 2990WX 32-Core Processor,94.2 GB
2026-02-08T14:06:27.511237,2026-02-08T02-28-55Z_7bec,NVIDIA GeForce RTX 3080,10240,Gemma-2-9B-It,Q3_K_M,4.434754580259323,5084,tiny,18.22,0.27,18.19,18.72,18.85,18.21,18.22,56.40,0.69,321.4,7.1504,86.1,,40,7.9860,AMD Ryzen Threadripper 2990WX 32-Core Processor,94.2 GB
2026-02-08T14:07:58.991815,2026-02-08T02-28-55Z_7bec,NVIDIA GeForce RTX 3080,10240,Gemma-2-9B-It,Q3_K_M,4.434754580259323,5084,small,22.72,0.74,22.63,25.23,25.77,22.91,22.71,55.48,0.17,327.8,7.2894,100.5,,40,7.9860,AMD Ryzen Threadripper 2990WX 32-Core Processor,94.2 GB
2026-02-08T14:09:37.331687,2026-02-08T02-28-55Z_7bec,NVIDIA GeForce RTX 3080,10240,Gemma-2-9B-It,Q3_K_M,4.434754580259323,5084,medium,22.72,0.60,22.72,23.08,26.09,22.64,22.72,55.35,0.15,328.2,7.2940,110.2,,40,7.9860,AMD Ryzen Threadripper 2990WX 32-Core Processor,94.2 GB
2026-02-08T14:11:15.962270,2026-02-08T02-28-55Z_7bec,NVIDIA GeForce RTX 3080,10240,Gemma-2-9B-It,Q3_K_M,4.434754580259323,5084,large,18.65,0.09,18.67,18.78,18.84,18.71,18.65,55.20,0.10,331.5,7.3716,135.5,,40,7.9860,AMD Ryzen Threadripper 2990WX 32-Core Processor,94.2 GB
2026-02-08T14:12:54.659036,2026-02-08T02-28-55Z_7bec,NVIDIA GeForce RTX 3080,10240,Gemma-2-9B-It,Q3_K_M,4.434754580259323,5084,xlarge,26.61,0.44,26.54,27.55,27.63,27.55,26.58,39.70,0.53,300.6,8.3551,2362.3,,40,7.9860,AMD Ryzen Threadripper 2990WX 32-Core Processor,94.2 GB
2026-02-08T14:15:08.209538,2026-02-08T02-28-55Z_7bec,NVIDIA GeForce RTX 3080,10240,Gemma-2-9B-It,Q2_K,3.5440532863140106,6673,tiny,11.47,0.26,11.49,11.86,11.90,11.48,11.47,92.83,0.28,327.6,3.6434,74.6,,40,8.8675,AMD Ryzen Threadripper 2990WX 32-Core Processor,94.2 GB
2026-02-08T14:15:54.832369,2026-02-08T02-28-55Z_7bec,NVIDIA GeForce RTX 3080,10240,Gemma-2-9B-It,Q2_K,3.5440532863140106,6673,small,14.83,0.56,14.80,16.32,17.07,13.69,14.86,91.81,0.12,332.3,3.6957,91.3,,40,8.8675,AMD Ryzen Threadripper 2990WX 32-Core Processor,94.2 GB
2026-02-08T14:16:47.032365,2026-02-08T02-28-55Z_7bec,NVIDIA GeForce RTX 3080,10240,Gemma-2-9B-It,Q2_K,3.5440532863140106,6673,medium,14.94,0.29,14.94,15.58,15.61,15.58,14.93,91.29,0.11,332.2,3.6945,110.2,,40,8.8675,AMD Ryzen Threadripper 2990WX 32-Core Processor,94.2 GB
2026-02-08T14:17:47.007577,2026-02-08T02-28-55Z_7bec,NVIDIA GeForce RTX 3080,10240,Gemma-2-9B-It,Q2_K,3.5440532863140106,6673,large,14.88,0.52,14.89,15.32,17.37,13.58,14.91,90.90,0.08,332.7,3.6997,135.5,,40,8.8675,AMD Ryzen Threadripper 2990WX 32-Core Processor,94.2 GB
2026-02-08T14:18:47.346965,2026-02-08T02-28-55Z_7bec,NVIDIA GeForce RTX 3080,10240,Gemma-2-9B-It,Q2_K,3.5440532863140106,6673,xlarge,14.37,0.29,14.41,14.77,14.89,14.39,14.37,77.26,0.09,334.2,1.8598,2328.5,,40,8.8675,AMD Ryzen Threadripper 2990WX 32-Core Processor,94.2 GB
2026-02-08T14:19:43.150273,2026-02-08T03-19-26Z_ddd7,NVIDIA GeForce RTX 3080,10240,Llama-3.1-8B-Instruct,Q6_K,6.143014520406723,2341,tiny,11.16,0.16,11.22,11.39,11.40,11.19,11.16,93.40,0.19,337.1,3.7499,79.0,,40,6.9362,AMD Ryzen Threadripper 2990WX 32-Core Processor,94.2 GB
2026-02-08T14:20:41.568172,2026-02-08T03-19-26Z_ddd7,NVIDIA GeForce RTX 3080,10240,Llama-3.1-8B-Instruct,Q6_K,6.143014520406723,2341,small,13.41,0.59,13.32,14.73,15.86,13.07,13.42,91.75,0.72,307.8,3.4210,87.5,,40,6.9362,AMD Ryzen Threadripper 2990WX 32-Core Processor,94.2 GB
2026-02-08T14:21:41.067834,2026-02-08T03-19-26Z_ddd7,NVIDIA GeForce RTX 3080,10240,Llama-3.1-8B-Instruct,Q6_K,6.143014520406723,2341,medium,13.56,0.26,13.56,13.98,14.05,13.00,13.57,92.85,0.10,338.2,3.7618,96.0,,40,6.9362,AMD Ryzen Threadripper 2990WX 32-Core Processor,94.2 GB
2026-02-08T14:22:39.933702,2026-02-08T03-19-26Z_ddd7,NVIDIA GeForce RTX 3080,10240,Llama-3.1-8B-Instruct,Q6_K,6.143014520406723,2341,large,11.40,0.20,11.46,11.73,11.74,11.15,11.41,92.01,0.46,315.6,3.5088,118.0,,40,6.9362,AMD Ryzen Threadripper 2990WX 32-Core Processor,94.2 GB
2026-02-08T14:23:39.212816,2026-02-08T03-19-26Z_ddd7,NVIDIA GeForce RTX 3080,10240,Llama-3.1-8B-Instruct,Q6_K,6.143014520406723,2341,xlarge,13.94,0.31,13.96,14.44,14.46,14.17,13.93,88.80,0.13,339.0,3.7695,877.0,,40,6.9362,AMD Ryzen Threadripper 2990WX 32-Core Processor,94.2 GB
2026-02-08T14:24:56.071207,2026-02-08T03-19-26Z_ddd7,NVIDIA GeForce RTX 3080,10240,Llama-3.1-8B-Instruct,Q5_K_M,5.339265435934067,3987,tiny,9.75,0.16,9.80,10.03,10.12,9.58,9.76,106.79,0.19,339.5,3.7754,79.0,,40,6.9962,AMD Ryzen Threadripper 2990WX 32-Core Processor,94.2 GB
2026-02-08T14:25:47.220927,2026-02-08T03-19-26Z_ddd7,NVIDIA GeForce RTX 3080,10240,Llama-3.1-8B-Instruct,Q5_K_M,5.339265435934067,3987,small,12.14,0.46,12.10,12.68,14.18,11.66,12.15,106.09,0.10,341.3,3.7958,87.5,,40,6.9962,AMD Ryzen Threadripper 2990WX 32-Core Processor,94.2 GB
2026-02-08T14:26:38.795188,2026-02-08T03-19-26Z_ddd7,NVIDIA GeForce RTX 3080,10240,Llama-3.1-8B-Instruct,Q5_K_M,5.339265435934067,3987,medium,12.10,0.30,12.15,12.51,12.76,11.48,12.11,105.68,0.28,327.4,3.6403,96.0,,40,6.9962,AMD Ryzen Threadripper 2990WX 32-Core Processor,94.2 GB
2026-02-08T14:27:30.687432,2026-02-08T03-19-26Z_ddd7,NVIDIA GeForce RTX 3080,10240,Llama-3.1-8B-Instruct,Q5_K_M,5.339265435934067,3987,large,9.97,0.16,9.99,10.22,10.43,9.76,9.98,105.87,0.16,336.4,3.7418,118.0,,40,6.9962,AMD Ryzen Threadripper 2990WX 32-Core Processor,94.2 GB
2026-02-08T14:28:22.317208,2026-02-08T03-19-26Z_ddd7,NVIDIA GeForce RTX 3080,10240,Llama-3.1-8B-Instruct,Q5_K_M,5.339265435934067,3987,xlarge,13.26,0.41,13.23,13.80,14.75,13.11,13.27,99.02,0.19,335.2,3.7265,1481.5,,40,6.9962,AMD Ryzen Threadripper 2990WX 32-Core Processor,94.2 GB
2026-02-08T14:29:31.763955,2026-02-08T03-19-26Z_ddd7,NVIDIA GeForce RTX 3080,10240,Llama-3.1-8B-Instruct,Q4_K_M,4.582795709371567,5536,tiny,8.79,0.14,8.86,8.97,8.99,8.82,8.79,119.40,0.17,340.2,3.7832,79.0,,40,7.1270,AMD Ryzen Threadripper 2990WX 32-Core Processor,94.2 GB
2026-02-08T14:30:17.603160,2026-02-08T03-19-26Z_ddd7,NVIDIA GeForce RTX 3080,10240,Llama-3.1-8B-Instruct,Q4_K_M,4.582795709371567,5536,small,10.76,0.39,10.82,11.25,12.13,10.38,10.77,118.54,0.11,341.2,3.7948,87.5,,40,7.1270,AMD Ryzen Threadripper 2990WX 32-Core Processor,94.2 GB
2026-02-08T14:31:03.827069,2026-02-08T03-19-26Z_ddd7,NVIDIA GeForce RTX 3080,10240,Llama-3.1-8B-Instruct,Q4_K_M,4.582795709371567,5536,medium,10.89,0.26,10.97,11.22,11.48,10.42,10.91,118.39,0.12,341.2,3.7950,96.0,,40,7.1270,AMD Ryzen Threadripper 2990WX 32-Core Processor,94.2 GB
2026-02-08T14:31:50.126097,2026-02-08T03-19-26Z_ddd7,NVIDIA GeForce RTX 3080,10240,Llama-3.1-8B-Instruct,Q4_K_M,4.582795709371567,5536,large,8.97,0.17,9.02,9.18,9.20,8.71,8.98,117.91,0.47,329.9,3.6677,118.0,,40,7.1270,AMD Ryzen Threadripper 2990WX 32-Core Processor,94.2 GB
2026-02-08T14:32:36.508421,2026-02-08T03-19-26Z_ddd7,NVIDIA GeForce RTX 3080,10240,Llama-3.1-8B-Instruct,Q4_K_M,4.582795709371567,5536,xlarge,10.69,0.20,10.72,11.04,11.24,10.13,10.70,106.83,0.49,332.4,3.6946,2065.0,,40,7.1270,AMD Ryzen Threadripper 2990WX 32-Core Processor,94.2 GB
2026-02-08T14:33:39.653849,2026-02-08T03-19-26Z_ddd7,NVIDIA GeForce RTX 3080,10240,Llama-3.1-8B-Instruct,Q3_K_M,3.7429138123989105,7256,tiny,9.98,0.16,10.01,10.26,10.26,9.69,9.99,104.18,0.32,335.3,3.7285,79.0,,40,7.6215,AMD Ryzen Threadripper 2990WX 32-Core Processor,94.2 GB
2026-02-08T14:34:32.109184,2026-02-08T03-19-26Z_ddd7,NVIDIA GeForce RTX 3080,10240,Llama-3.1-8B-Instruct,Q3_K_M,3.7429138123989105,7256,small,12.14,0.44,12.15,12.57,14.16,11.52,12.16,103.21,0.12,336.0,3.7364,87.5,,40,7.6215,AMD Ryzen Threadripper 2990WX 32-Core Processor,94.2 GB
2026-02-08T14:35:25.116735,2026-02-08T03-19-26Z_ddd7,NVIDIA GeForce RTX 3080,10240,Llama-3.1-8B-Instruct,Q3_K_M,3.7429138123989105,7256,medium,12.13,0.29,12.19,12.67,12.75,11.41,12.14,103.07,0.06,336.9,3.7459,96.0,,40,7.6215,AMD Ryzen Threadripper 2990WX 32-Core Processor,94.2 GB
2026-02-08T14:36:18.221959,2026-02-08T03-19-26Z_ddd7,NVIDIA GeForce RTX 3080,10240,Llama-3.1-8B-Instruct,Q3_K_M,3.7429138123989105,7256,large,10.16,0.16,10.22,10.35,10.41,9.80,10.17,103.06,0.13,337.5,3.7530,118.0,,40,7.6215,AMD Ryzen Threadripper 2990WX 32-Core Processor,94.2 GB
2026-02-08T14:37:11.250599,2026-02-08T03-19-26Z_ddd7,NVIDIA GeForce RTX 3080,10240,Llama-3.1-8B-Instruct,Q3_K_M,3.7429138123989105,7256,xlarge,11.87,0.29,11.91,12.43,12.45,11.74,11.87,94.91,0.06,339.9,3.7793,2065.0,,40,7.6215,AMD Ryzen Threadripper 2990WX 32-Core Processor,94.2 GB
2026-02-08T14:38:18.848619,2026-02-08T03-19-26Z_ddd7,NVIDIA GeForce RTX 3080,10240,Llama-3.1-8B-Instruct,Q2_K,2.9608016908168793,8858,tiny,8.68,0.10,8.69,8.84,8.85,8.68,8.68,121.94,0.29,334.3,3.7175,79.0,,40,10.2745,AMD Ryzen Threadripper 2990WX 32-Core Processor,94.2 GB
2026-02-08T14:39:03.711053,2026-02-08T03-19-26Z_ddd7,NVIDIA GeForce RTX 3080,10240,Llama-3.1-8B-Instruct,Q2_K,2.9608016908168793,8858,small,10.79,0.15,10.81,11.01,11.05,10.81,10.79,120.75,0.19,334.7,3.7225,87.5,,40,10.2745,AMD Ryzen Threadripper 2990WX 32-Core Processor,94.2 GB
2026-02-08T14:39:49.089547,2026-02-08T03-19-26Z_ddd7,NVIDIA GeForce RTX 3080,10240,Llama-3.1-8B-Instruct,Q2_K,2.9608016908168793,8858,medium,10.81,0.49,10.79,11.90,12.83,9.98,10.83,120.50,0.12,334.7,3.7229,96.0,,40,10.2745,AMD Ryzen Threadripper 2990WX 32-Core Processor,94.2 GB
2026-02-08T14:40:34.595032,2026-02-08T03-19-26Z_ddd7,NVIDIA GeForce RTX 3080,10240,Llama-3.1-8B-Instruct,Q2_K,2.9608016908168793,8858,large,8.78,0.18,8.87,9.04,9.04,8.90,8.78,120.45,0.07,334.9,3.7250,118.0,,40,10.2745,AMD Ryzen Threadripper 2990WX 32-Core Processor,94.2 GB
2026-02-08T14:41:20.030833,2026-02-08T03-19-26Z_ddd7,NVIDIA GeForce RTX 3080,10240,Llama-3.1-8B-Instruct,Q2_K,2.9608016908168793,8858,xlarge,10.42,0.25,10.49,10.76,10.89,9.96,10.43,109.61,0.07,337.3,3.7511,2065.0,,40,10.2745,AMD Ryzen Threadripper 2990WX 32-Core Processor,94.2 GB
2026-02-08T14:42:32.109693,2026-02-08T03-42-17Z_fbfe,NVIDIA GeForce RTX 3080,10240,Mistral-7B-Instruct-v0.3,Q6_K,5.5388107895851135,3578,tiny,10.59,0.10,10.58,10.76,10.76,10.43,10.59,98.55,0.82,327.9,3.6454,79.0,,40,5.9048,AMD Ryzen Threadripper 2990WX 32-Core Processor,94.2 GB
2026-02-08T14:43:27.504714,2026-02-08T03-42-17Z_fbfe,NVIDIA GeForce RTX 3080,10240,Mistral-7B-Instruct-v0.3,Q6_K,5.5388107895851135,3578,small,12.62,0.44,12.60,13.20,14.61,12.00,12.63,98.08,1.02,320.9,1.7846,65.5,,40,5.9048,AMD Ryzen Threadripper 2990WX 32-Core Processor,94.2 GB
2026-02-08T14:44:03.541061,2026-02-08T03-42-17Z_fbfe,NVIDIA GeForce RTX 3080,10240,Mistral-7B-Instruct-v0.3,Q6_K,5.5388107895851135,3578,medium,12.68,0.45,12.63,14.30,14.50,12.61,12.68,97.27,0.11,306.1,3.4050,97.0,,40,5.9048,AMD Ryzen Threadripper 2990WX 32-Core Processor,94.2 GB
2026-02-08T14:44:59.740771,2026-02-08T03-42-17Z_fbfe,NVIDIA GeForce RTX 3080,10240,Mistral-7B-Instruct-v0.3,Q6_K,5.5388107895851135,3578,large,10.66,0.14,10.65,10.83,10.84,10.32,10.67,97.74,0.77,322.5,3.5859,120.5,,40,5.9048,AMD Ryzen Threadripper 2990WX 32-Core Processor,94.2 GB
2026-02-08T14:45:55.638238,2026-02-08T03-42-17Z_fbfe,NVIDIA GeForce RTX 3080,10240,Mistral-7B-Instruct-v0.3,Q6_K,5.5388107895851135,3578,xlarge,11.29,0.22,11.25,11.64,11.73,11.13,11.29,1000.00,0.00,293.4,0.0015,1319.5,,40,5.9048,AMD Ryzen Threadripper 2990WX 32-Core Processor,94.2 GB
2026-02-08T14:46:10.229139,2026-02-08T03-42-17Z_fbfe,NVIDIA GeForce RTX 3080,10240,Mistral-7B-Instruct-v0.3,Q5_K_M,4.7834396958351135,5125,tiny,9.15,0.14,9.19,9.32,9.35,9.19,9.15,114.25,0.10,341.0,3.7926,79.0,,40,5.9220,AMD Ryzen Threadripper 2990WX 32-Core Processor,94.2 GB
2026-02-08T14:46:58.086444,2026-02-08T03-42-17Z_fbfe,NVIDIA GeForce RTX 3080,10240,Mistral-7B-Instruct-v0.3,Q5_K_M,4.7834396958351135,5125,small,10.82,0.23,10.81,11.22,11.22,11.03,10.82,114.06,0.18,342.4,1.9044,64.0,,40,5.9220,AMD Ryzen Threadripper 2990WX 32-Core Processor,94.2 GB
2026-02-08T14:47:28.033118,2026-02-08T03-42-17Z_fbfe,NVIDIA GeForce RTX 3080,10240,Mistral-7B-Instruct-v0.3,Q5_K_M,4.7834396958351135,5125,medium,11.03,0.30,11.05,11.54,11.57,11.02,11.03,112.47,0.60,314.1,3.4921,97.0,,40,5.9220,AMD Ryzen Threadripper 2990WX 32-Core Processor,94.2 GB
2026-02-08T14:48:16.679250,2026-02-08T03-42-17Z_fbfe,NVIDIA GeForce RTX 3080,10240,Mistral-7B-Instruct-v0.3,Q5_K_M,4.7834396958351135,5125,large,9.29,0.40,9.28,9.53,11.56,11.56,9.23,113.20,0.14,339.9,3.7790,120.5,,40,5.9220,AMD Ryzen Threadripper 2990WX 32-Core Processor,94.2 GB
2026-02-08T14:49:04.941461,2026-02-08T03-42-17Z_fbfe,NVIDIA GeForce RTX 3080,10240,Mistral-7B-Instruct-v0.3,Q5_K_M,4.7834396958351135,5125,xlarge,12.95,0.64,12.78,14.20,14.88,12.70,12.95,102.11,0.37,323.0,3.5896,2145.0,,40,5.9220,AMD Ryzen Threadripper 2990WX 32-Core Processor,94.2 GB
2026-02-08T14:50:11.346538,2026-02-08T03-42-17Z_fbfe,NVIDIA GeForce RTX 3080,10240,Mistral-7B-Instruct-v0.3,Q4_K_M,4.0725021958351135,6581,tiny,8.18,0.11,8.21,8.31,8.36,8.08,8.18,128.71,0.13,341.0,3.7917,79.0,,40,5.9331,AMD Ryzen Threadripper 2990WX 32-Core Processor,94.2 GB
2026-02-08T14:50:53.662272,2026-02-08T03-42-17Z_fbfe,NVIDIA GeForce RTX 3080,10240,Mistral-7B-Instruct-v0.3,Q4_K_M,4.0725021958351135,6581,small,10.00,0.21,10.01,10.38,10.38,9.70,10.01,127.76,0.06,342.3,1.9044,86.5,,40,5.9331,AMD Ryzen Threadripper 2990WX 32-Core Processor,94.2 GB
2026-02-08T14:51:34.929728,2026-02-08T03-42-17Z_fbfe,NVIDIA GeForce RTX 3080,10240,Mistral-7B-Instruct-v0.3,Q4_K_M,4.0725021958351135,6581,medium,10.11,0.23,10.13,10.48,10.54,9.68,10.12,127.96,0.14,342.3,1.9043,77.0,,40,5.9331,AMD Ryzen Threadripper 2990WX 32-Core Processor,94.2 GB
2026-02-08T14:52:04.987913,2026-02-08T03-42-17Z_fbfe,NVIDIA GeForce RTX 3080,10240,Mistral-7B-Instruct-v0.3,Q4_K_M,4.0725021958351135,6581,large,8.19,0.14,8.21,8.38,8.44,8.03,8.20,127.47,0.09,342.2,3.8076,120.5,,40,5.9331,AMD Ryzen Threadripper 2990WX 32-Core Processor,94.2 GB
2026-02-08T14:52:47.963825,2026-02-08T03-42-17Z_fbfe,NVIDIA GeForce RTX 3080,10240,Mistral-7B-Instruct-v0.3,Q4_K_M,4.0725021958351135,6581,xlarge,12.52,0.75,13.11,13.19,13.23,12.24,12.53,114.69,0.05,344.1,1.9140,2126.0,,40,5.9331,AMD Ryzen Threadripper 2990WX 32-Core Processor,94.2 GB
2026-02-08T14:53:32.583248,2026-02-08T03-42-17Z_fbfe,NVIDIA GeForce RTX 3080,10240,Mistral-7B-Instruct-v0.3,Q3_K_M,3.2809982895851135,8202,tiny,9.38,0.12,9.40,9.53,9.53,9.29,9.38,111.32,0.33,335.6,3.7318,79.0,,40,6.0235,AMD Ryzen Threadripper 2990WX 32-Core Processor,94.2 GB
2026-02-08T14:54:21.709891,2026-02-08T03-42-17Z_fbfe,NVIDIA GeForce RTX 3080,10240,Mistral-7B-Instruct-v0.3,Q3_K_M,3.2809982895851135,8202,small,11.26,0.28,11.31,11.82,12.00,10.72,11.28,110.77,0.15,336.3,1.8705,67.5,,40,6.0235,AMD Ryzen Threadripper 2990WX 32-Core Processor,94.2 GB
2026-02-08T14:54:55.600145,2026-02-08T03-42-17Z_fbfe,NVIDIA GeForce RTX 3080,10240,Mistral-7B-Instruct-v0.3,Q3_K_M,3.2809982895851135,8202,medium,11.31,0.21,11.34,11.73,11.73,10.93,11.32,110.46,0.10,336.4,1.8713,78.5,,40,6.0235,AMD Ryzen Threadripper 2990WX 32-Core Processor,94.2 GB
2026-02-08T14:55:31.083057,2026-02-08T03-42-17Z_fbfe,NVIDIA GeForce RTX 3080,10240,Mistral-7B-Instruct-v0.3,Q3_K_M,3.2809982895851135,8202,large,9.47,0.15,9.53,9.68,9.74,9.38,9.48,109.96,0.07,336.6,3.7433,120.5,,40,6.0235,AMD Ryzen Threadripper 2990WX 32-Core Processor,94.2 GB
2026-02-08T14:56:20.812055,2026-02-08T03-42-17Z_fbfe,NVIDIA GeForce RTX 3080,10240,Mistral-7B-Instruct-v0.3,Q3_K_M,3.2809982895851135,8202,xlarge,12.91,0.70,12.66,14.20,14.68,12.58,12.92,100.50,0.06,338.6,3.7631,2145.0,,40,6.0235,AMD Ryzen Threadripper 2990WX 32-Core Processor,94.2 GB
2026-02-08T14:57:23.522890,2026-02-08T03-42-17Z_fbfe,NVIDIA GeForce RTX 3080,10240,Mistral-7B-Instruct-v0.3,Q2_K,2.5358811020851135,9728,tiny,7.95,0.14,7.99,8.17,8.20,7.72,7.95,133.93,0.47,333.8,0.0019,40.5,,40,6.6893,AMD Ryzen Threadripper 2990WX 32-Core Processor,94.2 GB
2026-02-08T14:57:40.896513,2026-02-08T03-42-17Z_fbfe,NVIDIA GeForce RTX 3080,10240,Mistral-7B-Instruct-v0.3,Q2_K,2.5358811020851135,9728,small,8.01,0.12,8.03,8.17,8.25,7.95,8.01,131.95,0.39,333.7,1.8572,69.5,,40,6.6893,AMD Ryzen Threadripper 2990WX 32-Core Processor,94.2 GB
2026-02-08T14:58:10.314695,2026-02-08T03-42-17Z_fbfe,NVIDIA GeForce RTX 3080,10240,Mistral-7B-Instruct-v0.3,Q2_K,2.5358811020851135,9728,medium,8.03,0.12,8.04,8.17,8.23,7.72,8.04,132.10,0.37,334.3,1.8603,68.0,,40,6.6893,AMD Ryzen Threadripper 2990WX 32-Core Processor,94.2 GB
2026-02-08T14:58:33.507896,2026-02-08T03-42-17Z_fbfe,NVIDIA GeForce RTX 3080,10240,Mistral-7B-Instruct-v0.3,Q2_K,2.5358811020851135,9728,large,10.31,0.35,10.34,10.57,12.01,9.43,10.34,130.44,0.17,334.1,1.9056,120.5,,40,6.6893,AMD Ryzen Threadripper 2990WX 32-Core Processor,94.2 GB
2026-02-08T14:59:15.647732,2026-02-08T03-42-17Z_fbfe,NVIDIA GeForce RTX 3080,10240,Mistral-7B-Instruct-v0.3,Q2_K,2.5358811020851135,9728,xlarge,11.37,0.37,11.38,12.02,12.69,11.61,11.36,117.35,0.08,336.2,3.7385,2145.0,,40,6.6893,AMD Ryzen Threadripper 2990WX 32-Core Processor,94.2 GB
2026-02-08T15:00:27.428038,2026-02-08T04-00-09Z_2563,NVIDIA GeForce RTX 3080,10240,Phi-3-medium-4k-instruct,Q3_K_M,6.447928994894028,1098,tiny,31.89,0.40,32.02,32.43,32.48,31.16,31.91,31.57,0.21,269.9,12.0282,122.7,,40,4.1551,AMD Ryzen Threadripper 2990WX 32-Core Processor,94.2 GB
2026-02-08T15:03:19.624747,2026-02-08T04-00-09Z_2563,NVIDIA GeForce RTX 3080,10240,Phi-3-medium-4k-instruct,Q3_K_M,6.447928994894028,1098,small,34.93,0.29,34.97,35.59,35.60,35.31,34.92,31.50,0.14,269.1,7.0806,100.0,,40,4.1551,AMD Ryzen Threadripper 2990WX 32-Core Processor,94.2 GB
2026-02-08T15:05:07.182220,2026-02-08T04-00-09Z_2563,NVIDIA GeForce RTX 3080,10240,Phi-3-medium-4k-instruct,Q3_K_M,6.447928994894028,1098,medium,35.33,0.68,35.20,37.30,37.74,34.79,35.35,31.27,0.21,270.1,8.7271,125.8,,40,4.1551,AMD Ryzen Threadripper 2990WX 32-Core Processor,94.2 GB
2026-02-08T15:07:15.179262,2026-02-08T04-00-09Z_2563,NVIDIA GeForce RTX 3080,10240,Phi-3-medium-4k-instruct,Q3_K_M,6.447928994894028,1098,large,32.46,0.38,32.42,33.18,34.01,32.53,32.46,31.18,0.20,269.8,7.5919,161.7,,40,4.1551,AMD Ryzen Threadripper 2990WX 32-Core Processor,94.2 GB
2026-02-08T15:09:20.948084,2026-02-08T04-00-09Z_2563,NVIDIA GeForce RTX 3080,10240,Phi-3-medium-4k-instruct,Q3_K_M,6.447928994894028,1098,xlarge,34.08,0.17,34.09,34.34,34.36,34.30,34.07,29.71,0.08,266.2,11.8633,714.8,,40,4.1551,AMD Ryzen Threadripper 2990WX 32-Core Processor,94.2 GB
2026-02-08T15:12:37.710964,2026-02-08T04-00-09Z_2563,NVIDIA GeForce RTX 3080,10240,Phi-3-medium-4k-instruct,Q2_K,4.789792150259018,3272,tiny,14.45,0.19,14.48,14.72,14.79,14.08,14.46,70.98,0.37,333.1,5.5575,122.7,,40,56.8288,AMD Ryzen Threadripper 2990WX 32-Core Processor,94.2 GB
2026-02-08T15:13:54.465321,2026-02-08T04-00-09Z_2563,NVIDIA GeForce RTX 3080,10240,Phi-3-medium-4k-instruct,Q2_K,4.789792150259018,3272,small,17.18,1.13,17.03,17.52,23.89,15.76,17.22,70.30,0.06,333.9,5.5703,139.1,,40,56.8288,AMD Ryzen Threadripper 2990WX 32-Core Processor,94.2 GB
2026-02-08T15:15:12.108741,2026-02-08T04-00-09Z_2563,NVIDIA GeForce RTX 3080,10240,Phi-3-medium-4k-instruct,Q2_K,4.789792150259018,3272,medium,16.84,0.35,16.83,17.27,17.59,15.47,16.87,70.31,0.04,334.0,5.5713,153.1,,40,56.8288,AMD Ryzen Threadripper 2990WX 32-Core Processor,94.2 GB
2026-02-08T15:16:29.729269,2026-02-08T04-00-09Z_2563,NVIDIA GeForce RTX 3080,10240,Phi-3-medium-4k-instruct,Q2_K,4.789792150259018,3272,large,14.60,0.26,14.63,14.92,14.98,13.48,14.63,70.30,0.06,334.1,5.5737,189.8,,40,56.8288,AMD Ryzen Threadripper 2990WX 32-Core Processor,94.2 GB
2026-02-08T15:17:47.265966,2026-02-08T04-00-09Z_2563,NVIDIA GeForce RTX 3080,10240,Phi-3-medium-4k-instruct,Q2_K,4.789792150259018,3272,xlarge,15.78,0.33,15.79,16.35,16.39,15.56,15.78,66.71,0.03,335.2,5.5911,2086.7,,40,56.8288,AMD Ryzen Threadripper 2990WX 32-Core Processor,94.2 GB
2026-02-08T15:19:27.443577,2026-02-08T04-19-16Z_4c52,NVIDIA GeForce RTX 3080,10240,Phi-3-mini-4k-instruct,Q8_0,3.7823075652122498,4096,tiny,7.52,0.17,7.58,7.75,7.75,7.46,7.52,139.59,0.15,341.8,1.9017,58.9,,40,5.5887,AMD Ryzen Threadripper 2990WX 32-Core Processor,94.2 GB
2026-02-08T15:20:06.275243,2026-02-08T04-19-16Z_4c52,NVIDIA GeForce RTX 3080,10240,Phi-3-mini-4k-instruct,Q8_0,3.7823075652122498,4096,small,9.66,0.39,9.76,10.20,10.38,9.41,9.67,137.85,0.11,344.8,1.9181,66.8,,40,5.5887,AMD Ryzen Threadripper 2990WX 32-Core Processor,94.2 GB
2026-02-08T15:20:46.133790,2026-02-08T04-19-16Z_4c52,NVIDIA GeForce RTX 3080,10240,Phi-3-mini-4k-instruct,Q8_0,3.7823075652122498,4096,medium,9.29,0.25,9.43,9.61,9.63,9.03,9.30,137.51,0.03,345.4,1.9214,73.5,,40,5.5887,AMD Ryzen Threadripper 2990WX 32-Core Processor,94.2 GB
2026-02-08T15:21:25.803460,2026-02-08T04-19-16Z_4c52,NVIDIA GeForce RTX 3080,10240,Phi-3-mini-4k-instruct,Q8_0,3.7823075652122498,4096,large,7.69,0.13,7.71,7.85,8.01,7.68,7.69,145.20,0.30,337.8,0.0018,49.1,,40,5.5887,AMD Ryzen Threadripper 2990WX 32-Core Processor,94.2 GB
2026-02-08T15:21:31.130950,2026-02-08T04-19-16Z_4c52,NVIDIA GeForce RTX 3080,10240,Phi-3-mini-4k-instruct,Q8_0,3.7823075652122498,4096,xlarge,12.11,0.26,12.12,12.52,12.60,12.44,12.10,105.32,0.07,341.6,3.7952,1252.5,,40,5.5887,AMD Ryzen Threadripper 2990WX 32-Core Processor,94.2 GB
2026-02-08T15:22:32.124654,2026-02-08T04-19-16Z_4c52,NVIDIA GeForce RTX 3080,10240,Phi-3-mini-4k-instruct,Q6_K,2.9204902052879333,4096,tiny,6.39,0.14,6.47,6.59,6.61,6.26,6.40,164.35,0.26,336.0,1.8693,52.1,,40,5.6049,AMD Ryzen Threadripper 2990WX 32-Core Processor,94.2 GB
2026-02-08T15:23:00.914426,2026-02-08T04-19-16Z_4c52,NVIDIA GeForce RTX 3080,10240,Phi-3-mini-4k-instruct,Q6_K,2.9204902052879333,4096,small,8.02,0.26,8.01,8.47,8.50,7.71,8.03,163.18,0.29,336.9,1.8753,50.6,,40,5.6049,AMD Ryzen Threadripper 2990WX 32-Core Processor,94.2 GB
2026-02-08T15:23:23.407992,2026-02-08T04-19-16Z_4c52,NVIDIA GeForce RTX 3080,10240,Phi-3-mini-4k-instruct,Q6_K,2.9204902052879333,4096,medium,8.17,0.29,8.25,8.72,8.76,8.36,8.17,161.44,0.15,338.0,1.8806,68.6,,40,5.6049,AMD Ryzen Threadripper 2990WX 32-Core Processor,94.2 GB
2026-02-08T15:23:54.092408,2026-02-08T04-19-16Z_4c52,NVIDIA GeForce RTX 3080,10240,Phi-3-mini-4k-instruct,Q6_K,2.9204902052879333,4096,large,8.28,0.31,8.27,8.77,9.80,8.20,8.28,161.93,0.45,336.6,0.0019,60.8,,40,5.6049,AMD Ryzen Threadripper 2990WX 32-Core Processor,94.2 GB
2026-02-08T15:24:07.604812,2026-02-08T04-19-16Z_4c52,NVIDIA GeForce RTX 3080,10240,Phi-3-mini-4k-instruct,Q6_K,2.9204902052879333,4096,xlarge,10.97,0.39,10.94,12.19,12.24,10.52,10.98,118.89,0.05,341.8,3.8014,1252.5,,40,5.6049,AMD Ryzen Threadripper 2990WX 32-Core Processor,94.2 GB
2026-02-08T15:25:01.772034,2026-02-08T04-19-16Z_4c52,NVIDIA GeForce RTX 3080,10240,Phi-3-mini-4k-instruct,Q5_K_M,2.6219295859336853,4096,tiny,5.92,0.15,5.95,6.14,6.15,5.77,5.92,178.23,0.25,338.5,1.8831,58.9,,40,5.6524,AMD Ryzen Threadripper 2990WX 32-Core Processor,94.2 GB
2026-02-08T15:25:32.648997,2026-02-08T04-19-16Z_4c52,NVIDIA GeForce RTX 3080,10240,Phi-3-mini-4k-instruct,Q5_K_M,2.6219295859336853,4096,small,7.91,0.43,7.84,8.47,9.98,7.68,7.91,175.44,0.30,339.8,1.8904,66.8,,40,5.6524,AMD Ryzen Threadripper 2990WX 32-Core Processor,94.2 GB
2026-02-08T15:26:04.091289,2026-02-08T04-19-16Z_4c52,NVIDIA GeForce RTX 3080,10240,Phi-3-mini-4k-instruct,Q5_K_M,2.6219295859336853,4096,medium,7.84,0.29,7.93,8.31,8.36,7.49,7.85,174.96,0.24,340.6,1.8946,73.5,,40,5.6524,AMD Ryzen Threadripper 2990WX 32-Core Processor,94.2 GB
2026-02-08T15:26:35.639532,2026-02-08T04-19-16Z_4c52,NVIDIA GeForce RTX 3080,10240,Phi-3-mini-4k-instruct,Q5_K_M,2.6219295859336853,4096,large,6.14,0.20,6.15,6.38,7.00,6.25,6.14,175.83,0.58,337.3,0.0018,67.1,,40,5.6524,AMD Ryzen Threadripper 2990WX 32-Core Processor,94.2 GB
2026-02-08T15:26:51.307132,2026-02-08T04-19-16Z_4c52,NVIDIA GeForce RTX 3080,10240,Phi-3-mini-4k-instruct,Q5_K_M,2.6219295859336853,4096,xlarge,10.85,0.44,10.78,11.86,11.90,10.46,10.86,125.70,0.15,344.4,3.8309,1252.5,,40,5.6524,AMD Ryzen Threadripper 2990WX 32-Core Processor,94.2 GB
2026-02-08T15:27:42.035023,2026-02-08T04-19-16Z_4c52,NVIDIA GeForce RTX 3080,10240,Phi-3-mini-4k-instruct,Q4_K_M,2.2288708090782166,4096,tiny,5.29,0.15,5.34,5.50,5.50,5.46,5.29,211.92,0.54,293.7,0.0016,16.5,,40,5.9423,AMD Ryzen Threadripper 2990WX 32-Core Processor,94.2 GB
2026-02-08T15:27:45.625498,2026-02-08T04-19-16Z_4c52,NVIDIA GeForce RTX 3080,10240,Phi-3-mini-4k-instruct,Q4_K_M,2.2288708090782166,4096,small,5.41,0.12,5.44,5.58,5.60,5.55,5.41,198.45,0.20,338.9,1.8861,66.8,,40,5.9423,AMD Ryzen Threadripper 2990WX 32-Core Processor,94.2 GB
2026-02-08T15:28:13.385556,2026-02-08T04-19-16Z_4c52,NVIDIA GeForce RTX 3080,10240,Phi-3-mini-4k-instruct,Q4_K_M,2.2288708090782166,4096,medium,5.35,0.14,5.40,5.54,5.55,5.41,5.35,209.48,0.32,325.1,0.0018,31.9,,40,5.9423,AMD Ryzen Threadripper 2990WX 32-Core Processor,94.2 GB
2026-02-08T15:28:17.415429,2026-02-08T04-19-16Z_4c52,NVIDIA GeForce RTX 3080,10240,Phi-3-mini-4k-instruct,Q4_K_M,2.2288708090782166,4096,large,5.37,0.16,5.42,5.59,5.61,5.44,5.37,210.33,0.18,322.9,0.0018,49.1,,40,5.9423,AMD Ryzen Threadripper 2990WX 32-Core Processor,94.2 GB
2026-02-08T15:28:21.221038,2026-02-08T04-19-16Z_4c52,NVIDIA GeForce RTX 3080,10240,Phi-3-mini-4k-instruct,Q4_K_M,2.2288708090782166,4096,xlarge,8.24,0.25,8.30,8.62,8.67,8.43,8.23,137.59,0.06,346.1,1.9250,1252.5,,40,5.9423,AMD Ryzen Threadripper 2990WX 32-Core Processor,94.2 GB
2026-02-08T15:29:07.586037,2026-02-08T04-19-16Z_4c52,NVIDIA GeForce RTX 3080,10240,Phi-3-mini-4k-instruct,Q3_K_M,1.8211793303489685,4096,tiny,5.86,0.15,5.92,6.03,6.06,5.62,5.87,181.63,0.50,336.8,1.8735,58.9,,40,6.5112,AMD Ryzen Threadripper 2990WX 32-Core Processor,94.2 GB
2026-02-08T15:29:37.925789,2026-02-08T04-19-16Z_4c52,NVIDIA GeForce RTX 3080,10240,Phi-3-mini-4k-instruct,Q3_K_M,1.8211793303489685,4096,small,8.04,0.48,7.97,8.99,10.05,7.61,8.05,178.64,0.28,337.0,1.8753,66.8,,40,6.5112,AMD Ryzen Threadripper 2990WX 32-Core Processor,94.2 GB
2026-02-08T15:30:08.859706,2026-02-08T04-19-16Z_4c52,NVIDIA GeForce RTX 3080,10240,Phi-3-mini-4k-instruct,Q3_K_M,1.8211793303489685,4096,medium,7.56,0.27,7.63,8.00,8.10,7.71,7.56,178.09,0.26,337.5,1.8775,73.5,,40,6.5112,AMD Ryzen Threadripper 2990WX 32-Core Processor,94.2 GB
2026-02-08T15:30:39.872594,2026-02-08T04-19-16Z_4c52,NVIDIA GeForce RTX 3080,10240,Phi-3-mini-4k-instruct,Q3_K_M,1.8211793303489685,4096,large,5.94,0.13,5.99,6.14,6.16,5.97,5.94,187.23,0.36,325.8,0.0017,49.9,,40,6.5112,AMD Ryzen Threadripper 2990WX 32-Core Processor,94.2 GB
2026-02-08T15:30:44.572576,2026-02-08T04-19-16Z_4c52,NVIDIA GeForce RTX 3080,10240,Phi-3-mini-4k-instruct,Q3_K_M,1.8211793303489685,4096,xlarge,10.47,0.32,10.42,11.21,11.25,10.01,10.48,129.15,0.18,342.5,3.8104,1252.5,,40,6.5112,AMD Ryzen Threadripper 2990WX 32-Core Processor,94.2 GB
2026-02-08T15:31:32.150475,2026-02-08T04-19-16Z_4c52,NVIDIA GeForce RTX 3080,10240,Phi-3-mini-4k-instruct,Q2_K,1.3189424872398376,4096,tiny,5.56,0.11,5.59,5.68,5.73,5.25,5.56,192.27,0.61,334.2,1.8589,58.9,,40,184.5368,AMD Ryzen Threadripper 2990WX 32-Core Processor,94.2 GB
2026-02-08T15:32:00.855915,2026-02-08T04-19-16Z_4c52,NVIDIA GeForce RTX 3080,10240,Phi-3-mini-4k-instruct,Q2_K,1.3189424872398376,4096,small,7.27,0.24,7.34,7.56,7.76,7.04,7.28,188.96,0.37,334.1,1.8582,66.8,,40,184.5368,AMD Ryzen Threadripper 2990WX 32-Core Processor,94.2 GB
2026-02-08T15:32:30.113977,2026-02-08T04-19-16Z_4c52,NVIDIA GeForce RTX 3080,10240,Phi-3-mini-4k-instruct,Q2_K,1.3189424872398376,4096,medium,7.28,0.36,7.27,7.63,8.92,6.81,7.29,188.34,0.42,334.7,1.8618,73.5,,40,184.5368,AMD Ryzen Threadripper 2990WX 32-Core Processor,94.2 GB
2026-02-08T15:32:59.475269,2026-02-08T04-19-16Z_4c52,NVIDIA GeForce RTX 3080,10240,Phi-3-mini-4k-instruct,Q2_K,1.3189424872398376,4096,large,5.66,0.14,5.73,5.80,5.86,5.29,5.67,187.66,0.49,333.9,1.8579,91.1,,40,184.5368,AMD Ryzen Threadripper 2990WX 32-Core Processor,94.2 GB
2026-02-08T15:33:28.905581,2026-02-08T04-19-16Z_4c52,NVIDIA GeForce RTX 3080,10240,Phi-3-mini-4k-instruct,Q2_K,1.3189424872398376,4096,xlarge,8.51,0.24,8.55,8.92,8.99,8.00,8.52,133.64,0.06,341.8,1.9011,1252.5,,40,184.5368,AMD Ryzen Threadripper 2990WX 32-Core Processor,94.2 GB
2026-02-08T15:34:20.592210,2026-02-08T04-34-16Z_75c8,NVIDIA GeForce RTX 3080,10240,Qwen2-0.5B-Instruct,F16,0.9258786141872406,32768,tiny,3.40,0.16,3.46,3.61,3.82,3.82,3.39,332.97,2.71,302.3,0.0017,12.9,,40,13.7282,AMD Ryzen Threadripper 2990WX 32-Core Processor,94.2 GB
2026-02-08T15:34:37.760903,2026-02-08T04-34-16Z_75c8,NVIDIA GeForce RTX 3080,10240,Qwen2-0.5B-Instruct,F16,0.9258786141872406,32768,small,5.03,0.37,5.01,5.71,6.13,4.85,5.04,326.42,1.96,303.1,0.0019,14.3,,40,13.7282,AMD Ryzen Threadripper 2990WX 32-Core Processor,94.2 GB
2026-02-08T15:34:54.847249,2026-02-08T04-34-16Z_75c8,NVIDIA GeForce RTX 3080,10240,Qwen2-0.5B-Instruct,F16,0.9258786141872406,32768,medium,5.28,0.29,5.31,5.77,6.08,4.48,5.30,322.23,2.01,302.2,0.0018,15.7,,40,13.7282,AMD Ryzen Threadripper 2990WX 32-Core Processor,94.2 GB
2026-02-08T15:35:12.175304,2026-02-08T04-34-16Z_75c8,NVIDIA GeForce RTX 3080,10240,Qwen2-0.5B-Instruct,F16,0.9258786141872406,32768,large,5.19,0.30,5.30,5.65,5.74,5.48,5.18,318.97,3.17,298.1,0.0016,19.3,,40,13.7282,AMD Ryzen Threadripper 2990WX 32-Core Processor,94.2 GB
2026-02-08T15:35:29.661202,2026-02-08T04-34-16Z_75c8,NVIDIA GeForce RTX 3080,10240,Qwen2-0.5B-Instruct,F16,0.9258786141872406,32768,xlarge,6.36,0.59,6.18,7.38,7.53,5.68,6.37,285.96,0.78,283.6,0.0018,338.7,,40,13.7282,AMD Ryzen Threadripper 2990WX 32-Core Processor,94.2 GB
2026-02-08T15:35:52.583660,2026-02-08T04-34-16Z_75c8,NVIDIA GeForce RTX 3080,10240,Qwen2-0.5B-Instruct,Q8_0,0.49459370970726013,32768,tiny,2.62,0.14,2.57,2.91,2.94,2.80,2.62,431.43,4.58,255.1,0.0014,12.9,,40,13.7583,AMD Ryzen Threadripper 2990WX 32-Core Processor,94.2 GB
2026-02-08T15:36:05.581253,2026-02-08T04-34-16Z_75c8,NVIDIA GeForce RTX 3080,10240,Qwen2-0.5B-Instruct,Q8_0,0.49459370970726013,32768,small,4.81,0.36,4.76,5.50,6.55,4.42,4.82,419.03,4.10,253.2,0.0014,14.3,,40,13.7583,AMD Ryzen Threadripper 2990WX 32-Core Processor,94.2 GB
2026-02-08T15:36:18.984959,2026-02-08T04-34-16Z_75c8,NVIDIA GeForce RTX 3080,10240,Qwen2-0.5B-Instruct,Q8_0,0.49459370970726013,32768,medium,5.02,0.28,5.02,5.42,5.48,4.37,5.04,413.27,2.66,251.5,0.0012,15.7,,40,13.7583,AMD Ryzen Threadripper 2990WX 32-Core Processor,94.2 GB
2026-02-08T15:36:32.625958,2026-02-08T04-34-16Z_75c8,NVIDIA GeForce RTX 3080,10240,Qwen2-0.5B-Instruct,Q8_0,0.49459370970726013,32768,large,5.04,0.29,5.12,5.51,5.63,4.45,5.05,412.25,2.63,250.9,0.0014,19.3,,40,13.7583,AMD Ryzen Threadripper 2990WX 32-Core Processor,94.2 GB
2026-02-08T15:36:46.318076,2026-02-08T04-34-16Z_75c8,NVIDIA GeForce RTX 3080,10240,Qwen2-0.5B-Instruct,Q8_0,0.49459370970726013,32768,xlarge,5.41,0.28,5.44,6.13,6.27,6.13,5.39,352.99,0.14,240.3,0.0015,338.7,,40,13.7583,AMD Ryzen Threadripper 2990WX 32-Core Processor,94.2 GB
2026-02-08T15:37:05.605440,2026-02-08T04-34-16Z_75c8,NVIDIA GeForce RTX 3080,10240,Qwen2-0.5B-Instruct,Q6_K,0.4710017144680023,32768,tiny,2.61,0.13,2.56,2.83,2.87,2.60,2.61,434.60,3.70,256.2,0.0014,12.9,,40,13.7793,AMD Ryzen Threadripper 2990WX 32-Core Processor,94.2 GB
2026-02-08T15:37:18.544601,2026-02-08T04-34-16Z_75c8,NVIDIA GeForce RTX 3080,10240,Qwen2-0.5B-Instruct,Q6_K,0.4710017144680023,32768,small,4.63,0.42,4.57,5.32,6.57,4.01,4.64,424.74,3.33,253.5,0.0016,12.6,,40,13.7793,AMD Ryzen Threadripper 2990WX 32-Core Processor,94.2 GB
2026-02-08T15:37:29.739490,2026-02-08T04-34-16Z_75c8,NVIDIA GeForce RTX 3080,10240,Qwen2-0.5B-Instruct,Q6_K,0.4710017144680023,32768,medium,2.92,0.12,2.90,3.17,3.33,2.63,2.93,421.26,0.38,256.3,0.0015,15.7,,40,13.7793,AMD Ryzen Threadripper 2990WX 32-Core Processor,94.2 GB
2026-02-08T15:37:43.043901,2026-02-08T04-34-16Z_75c8,NVIDIA GeForce RTX 3080,10240,Qwen2-0.5B-Instruct,Q6_K,0.4710017144680023,32768,large,4.72,0.43,4.70,5.42,6.26,4.18,4.73,416.97,0.78,253.8,0.0015,19.3,,40,13.7793,AMD Ryzen Threadripper 2990WX 32-Core Processor,94.2 GB
2026-02-08T15:37:56.566495,2026-02-08T04-34-16Z_75c8,NVIDIA GeForce RTX 3080,10240,Qwen2-0.5B-Instruct,Q6_K,0.4710017144680023,32768,xlarge,5.55,0.42,5.55,6.24,7.01,6.24,5.53,358.14,1.28,244.0,0.0016,338.7,,40,13.7793,AMD Ryzen Threadripper 2990WX 32-Core Processor,94.2 GB
2026-02-08T15:38:15.180931,2026-02-08T04-34-16Z_75c8,NVIDIA GeForce RTX 3080,10240,Qwen2-0.5B-Instruct,Q5_K_M,0.39123353362083435,32768,tiny,2.48,0.13,2.42,2.71,2.74,2.42,2.48,455.29,3.92,246.1,0.0014,12.9,,40,13.8873,AMD Ryzen Threadripper 2990WX 32-Core Processor,94.2 GB
2026-02-08T15:38:27.556233,2026-02-08T04-34-16Z_75c8,NVIDIA GeForce RTX 3080,10240,Qwen2-0.5B-Instruct,Q5_K_M,0.39123353362083435,32768,small,4.59,1.05,4.48,5.41,10.67,4.03,4.61,441.11,4.39,245.3,0.0014,14.3,,40,13.8873,AMD Ryzen Threadripper 2990WX 32-Core Processor,94.2 GB
2026-02-08T15:38:40.385716,2026-02-08T04-34-16Z_75c8,NVIDIA GeForce RTX 3080,10240,Qwen2-0.5B-Instruct,Q5_K_M,0.39123353362083435,32768,medium,4.64,0.33,4.62,5.17,5.33,4.12,4.65,434.66,3.56,244.1,0.0013,15.7,,40,13.8873,AMD Ryzen Threadripper 2990WX 32-Core Processor,94.2 GB
2026-02-08T15:38:53.384478,2026-02-08T04-34-16Z_75c8,NVIDIA GeForce RTX 3080,10240,Qwen2-0.5B-Instruct,Q5_K_M,0.39123353362083435,32768,large,4.71,0.25,4.68,5.11,5.31,4.22,4.72,433.22,1.55,243.9,0.0014,19.3,,40,13.8873,AMD Ryzen Threadripper 2990WX 32-Core Processor,94.2 GB
2026-02-08T15:39:06.450196,2026-02-08T04-34-16Z_75c8,NVIDIA GeForce RTX 3080,10240,Qwen2-0.5B-Instruct,Q5_K_M,0.39123353362083435,32768,xlarge,5.84,0.86,5.58,6.94,10.33,5.43,5.85,370.98,1.06,234.7,0.0016,338.7,,40,13.8873,AMD Ryzen Threadripper 2990WX 32-Core Processor,94.2 GB
2026-02-08T15:39:25.060209,2026-02-08T04-34-16Z_75c8,NVIDIA GeForce RTX 3080,10240,Qwen2-0.5B-Instruct,Q4_K_M,0.3704853951931,32768,tiny,2.53,0.14,2.46,2.79,2.79,2.79,2.53,453.26,3.77,244.4,0.0013,12.9,,40,13.9785,AMD Ryzen Threadripper 2990WX 32-Core Processor,94.2 GB
2026-02-08T15:39:37.494299,2026-02-08T04-34-16Z_75c8,NVIDIA GeForce RTX 3080,10240,Qwen2-0.5B-Instruct,Q4_K_M,0.3704853951931,32768,small,4.58,0.36,4.57,5.25,5.29,4.12,4.59,439.71,3.06,243.7,0.0015,14.3,,40,13.9785,AMD Ryzen Threadripper 2990WX 32-Core Processor,94.2 GB
2026-02-08T15:39:50.359013,2026-02-08T04-34-16Z_75c8,NVIDIA GeForce RTX 3080,10240,Qwen2-0.5B-Instruct,Q4_K_M,0.3704853951931,32768,medium,4.61,0.20,4.56,4.96,5.00,4.51,4.61,433.90,1.64,243.1,0.0015,15.7,,40,13.9785,AMD Ryzen Threadripper 2990WX 32-Core Processor,94.2 GB
2026-02-08T15:40:03.402370,2026-02-08T04-34-16Z_75c8,NVIDIA GeForce RTX 3080,10240,Qwen2-0.5B-Instruct,Q4_K_M,0.3704853951931,32768,large,4.64,0.26,4.66,4.99,5.00,4.66,4.64,431.36,0.46,242.4,0.0015,19.3,,40,13.9785,AMD Ryzen Threadripper 2990WX 32-Core Processor,94.2 GB
2026-02-08T15:40:16.510525,2026-02-08T04-34-16Z_75c8,NVIDIA GeForce RTX 3080,10240,Qwen2-0.5B-Instruct,Q4_K_M,0.3704853951931,32768,xlarge,5.82,0.61,5.70,7.14,7.44,5.52,5.83,369.62,1.02,232.6,0.0016,338.7,,40,13.9785,AMD Ryzen Threadripper 2990WX 32-Core Processor,94.2 GB
2026-02-08T15:40:34.703392,2026-02-08T04-34-16Z_75c8,NVIDIA GeForce RTX 3080,10240,Qwen2-0.5B-Instruct,Q3_K_M,0.33105191588401794,32768,tiny,2.61,0.17,2.61,2.73,3.49,3.49,2.59,471.29,1.05,238.6,0.0013,12.9,,40,14.5630,AMD Ryzen Threadripper 2990WX 32-Core Processor,94.2 GB
2026-02-08T15:40:46.689640,2026-02-08T04-34-16Z_75c8,NVIDIA GeForce RTX 3080,10240,Qwen2-0.5B-Instruct,Q3_K_M,0.33105191588401794,32768,small,4.36,0.25,4.39,4.68,4.75,3.84,4.37,456.45,1.54,238.2,0.0013,14.3,,40,14.5630,AMD Ryzen Threadripper 2990WX 32-Core Processor,94.2 GB
2026-02-08T15:40:59.085273,2026-02-08T04-34-16Z_75c8,NVIDIA GeForce RTX 3080,10240,Qwen2-0.5B-Instruct,Q3_K_M,0.33105191588401794,32768,medium,4.46,0.31,4.53,4.88,4.91,4.32,4.46,447.99,1.50,236.6,0.0013,15.7,,40,14.5630,AMD Ryzen Threadripper 2990WX 32-Core Processor,94.2 GB
2026-02-08T15:41:11.708228,2026-02-08T04-34-16Z_75c8,NVIDIA GeForce RTX 3080,10240,Qwen2-0.5B-Instruct,Q3_K_M,0.33105191588401794,32768,large,4.48,0.27,4.60,4.86,4.88,4.03,4.50,444.93,1.07,235.7,0.0014,19.3,,40,14.5630,AMD Ryzen Threadripper 2990WX 32-Core Processor,94.2 GB
2026-02-08T15:41:24.432326,2026-02-08T04-34-16Z_75c8,NVIDIA GeForce RTX 3080,10240,Qwen2-0.5B-Instruct,Q3_K_M,0.33105191588401794,32768,xlarge,5.33,0.32,5.38,6.06,6.36,5.12,5.33,380.23,0.30,227.8,0.0014,338.7,,40,14.5630,AMD Ryzen Threadripper 2990WX 32-Core Processor,94.2 GB
2026-02-08T15:41:42.155971,2026-02-08T04-34-16Z_75c8,NVIDIA GeForce RTX 3080,10240,Qwen2-0.5B-Instruct,Q2_K,0.31535062193870544,32768,tiny,2.62,0.12,2.68,2.72,2.76,2.69,2.62,462.04,1.01,243.2,0.0012,12.9,,40,15.4021,AMD Ryzen Threadripper 2990WX 32-Core Processor,94.2 GB
2026-02-08T15:41:54.374065,2026-02-08T04-34-16Z_75c8,NVIDIA GeForce RTX 3080,10240,Qwen2-0.5B-Instruct,Q2_K,0.31535062193870544,32768,small,4.57,0.43,4.53,4.89,6.71,4.04,4.58,448.13,1.54,242.0,0.0014,14.3,,40,15.4021,AMD Ryzen Threadripper 2990WX 32-Core Processor,94.2 GB
2026-02-08T15:42:07.016569,2026-02-08T04-34-16Z_75c8,NVIDIA GeForce RTX 3080,10240,Qwen2-0.5B-Instruct,Q2_K,0.31535062193870544,32768,medium,4.53,0.31,4.56,4.88,4.94,4.50,4.53,440.07,0.63,240.4,0.0013,15.7,,40,15.4021,AMD Ryzen Threadripper 2990WX 32-Core Processor,94.2 GB
2026-02-08T15:42:19.869847,2026-02-08T04-34-16Z_75c8,NVIDIA GeForce RTX 3080,10240,Qwen2-0.5B-Instruct,Q2_K,0.31535062193870544,32768,large,4.93,1.43,4.77,5.31,13.44,4.57,4.94,436.57,0.78,239.8,0.0013,19.3,,40,15.4021,AMD Ryzen Threadripper 2990WX 32-Core Processor,94.2 GB
2026-02-08T15:42:32.855160,2026-02-08T04-34-16Z_75c8,NVIDIA GeForce RTX 3080,10240,Qwen2-0.5B-Instruct,Q2_K,0.31535062193870544,32768,xlarge,5.69,0.40,5.54,6.69,6.94,5.72,5.69,374.82,0.33,231.5,0.0015,338.7,,40,15.4021,AMD Ryzen Threadripper 2990WX 32-Core Processor,94.2 GB
2026-02-08T15:43:03.523820,2026-02-08T04-42-54Z_66dd,NVIDIA GeForce RTX 3080,10240,Qwen2-1.5B-Instruct,F16,2.8812017738819122,27493,tiny,6.29,0.18,6.20,6.69,6.72,6.69,6.28,170.24,0.49,342.6,1.9062,25.8,,40,9.1267,AMD Ryzen Threadripper 2990WX 32-Core Processor,94.2 GB
2026-02-08T15:43:35.849847,2026-02-08T04-42-54Z_66dd,NVIDIA GeForce RTX 3080,10240,Qwen2-1.5B-Instruct,F16,2.8812017738819122,27493,small,8.31,0.37,8.28,8.92,10.05,8.20,8.31,169.33,0.17,343.8,1.9129,27.2,,40,9.1267,AMD Ryzen Threadripper 2990WX 32-Core Processor,94.2 GB
2026-02-08T15:44:06.367853,2026-02-08T04-42-54Z_66dd,NVIDIA GeForce RTX 3080,10240,Qwen2-1.5B-Instruct,F16,2.8812017738819122,27493,medium,6.45,0.11,6.46,6.70,6.71,6.45,6.45,169.24,0.07,344.7,1.9190,28.7,,40,9.1267,AMD Ryzen Threadripper 2990WX 32-Core Processor,94.2 GB
2026-02-08T15:44:34.838181,2026-02-08T04-42-54Z_66dd,NVIDIA GeForce RTX 3080,10240,Qwen2-1.5B-Instruct,F16,2.8812017738819122,27493,large,8.50,0.33,8.49,9.10,9.62,8.72,8.49,168.35,0.14,345.9,1.9249,38.6,,40,9.1267,AMD Ryzen Threadripper 2990WX 32-Core Processor,94.2 GB
2026-02-08T15:45:07.561065,2026-02-08T04-42-54Z_66dd,NVIDIA GeForce RTX 3080,10240,Qwen2-1.5B-Instruct,F16,2.8812017738819122,27493,xlarge,9.65,0.49,9.53,10.52,10.61,9.05,9.67,157.73,0.16,345.6,1.9213,677.4,,40,9.1267,AMD Ryzen Threadripper 2990WX 32-Core Processor,94.2 GB
2026-02-08T15:45:48.629553,2026-02-08T04-42-54Z_66dd,NVIDIA GeForce RTX 3080,10240,Qwen2-1.5B-Instruct,Q8_0,1.5334883034229279,32768,tiny,4.48,0.09,4.47,4.61,4.63,4.21,4.49,256.80,0.52,331.5,1.8469,25.8,,40,9.1275,AMD Ryzen Threadripper 2990WX 32-Core Processor,94.2 GB
2026-02-08T15:46:10.191429,2026-02-08T04-42-54Z_66dd,NVIDIA GeForce RTX 3080,10240,Qwen2-1.5B-Instruct,Q8_0,1.5334883034229279,32768,small,6.24,0.38,6.28,7.03,7.63,5.72,6.25,254.34,0.35,328.9,0.0020,25.3,,40,9.1275,AMD Ryzen Threadripper 2990WX 32-Core Processor,94.2 GB
2026-02-08T15:46:28.739029,2026-02-08T04-42-54Z_66dd,NVIDIA GeForce RTX 3080,10240,Qwen2-1.5B-Instruct,Q8_0,1.5334883034229279,32768,medium,4.45,0.12,4.46,4.70,4.75,4.25,4.45,253.86,0.71,331.3,0.0019,28.5,,40,9.1275,AMD Ryzen Threadripper 2990WX 32-Core Processor,94.2 GB
2026-02-08T15:46:47.723688,2026-02-08T04-42-54Z_66dd,NVIDIA GeForce RTX 3080,10240,Qwen2-1.5B-Instruct,Q8_0,1.5334883034229279,32768,large,6.43,0.43,6.45,6.95,8.57,6.45,6.43,252.19,0.91,332.2,1.8487,38.6,,40,9.1275,AMD Ryzen Threadripper 2990WX 32-Core Processor,94.2 GB
2026-02-08T15:47:09.718734,2026-02-08T04-42-54Z_66dd,NVIDIA GeForce RTX 3080,10240,Qwen2-1.5B-Instruct,Q8_0,1.5334883034229279,32768,xlarge,7.39,0.58,7.28,8.74,8.95,7.33,7.39,229.10,0.37,327.0,1.8202,677.4,,40,9.1275,AMD Ryzen Threadripper 2990WX 32-Core Processor,94.2 GB
2026-02-08T15:47:38.997278,2026-02-08T04-42-54Z_66dd,NVIDIA GeForce RTX 3080,10240,Qwen2-1.5B-Instruct,Q6_K,1.1853289902210236,32768,tiny,3.94,0.16,3.94,4.21,4.23,3.81,3.95,278.40,0.39,335.0,0.0019,25.8,,40,9.1447,AMD Ryzen Threadripper 2990WX 32-Core Processor,94.2 GB
2026-02-08T15:47:58.912495,2026-02-08T04-42-54Z_66dd,NVIDIA GeForce RTX 3080,10240,Qwen2-1.5B-Instruct,Q6_K,1.1853289902210236,32768,small,5.84,0.52,5.79,6.63,8.44,5.43,5.85,275.28,0.55,334.2,0.0020,28.5,,40,9.1447,AMD Ryzen Threadripper 2990WX 32-Core Processor,94.2 GB
2026-02-08T15:48:19.104790,2026-02-08T04-42-54Z_66dd,NVIDIA GeForce RTX 3080,10240,Qwen2-1.5B-Instruct,Q6_K,1.1853289902210236,32768,medium,5.91,0.26,5.96,6.27,6.34,5.54,5.92,273.41,0.37,332.3,0.0020,31.3,,40,9.1447,AMD Ryzen Threadripper 2990WX 32-Core Processor,94.2 GB
2026-02-08T15:48:39.458218,2026-02-08T04-42-54Z_66dd,NVIDIA GeForce RTX 3080,10240,Qwen2-1.5B-Instruct,Q6_K,1.1853289902210236,32768,large,5.96,0.34,5.96,6.33,7.33,5.44,5.97,272.99,0.42,334.2,0.0019,38.6,,40,9.1447,AMD Ryzen Threadripper 2990WX 32-Core Processor,94.2 GB
2026-02-08T15:48:59.833408,2026-02-08T04-42-54Z_66dd,NVIDIA GeForce RTX 3080,10240,Qwen2-1.5B-Instruct,Q6_K,1.1853289902210236,32768,xlarge,6.66,0.25,6.66,7.28,7.41,6.45,6.67,246.62,0.07,333.6,1.8567,677.4,,40,9.1447,AMD Ryzen Threadripper 2990WX 32-Core Processor,94.2 GB
2026-02-08T15:49:27.446905,2026-02-08T04-42-54Z_66dd,NVIDIA GeForce RTX 3080,10240,Qwen2-1.5B-Instruct,Q5_K_M,1.047782450914383,32768,tiny,3.68,0.15,3.67,3.88,3.93,3.71,3.68,301.85,1.57,333.0,0.0017,25.8,,40,9.2146,AMD Ryzen Threadripper 2990WX 32-Core Processor,94.2 GB
2026-02-08T15:49:45.874090,2026-02-08T04-42-54Z_66dd,NVIDIA GeForce RTX 3080,10240,Qwen2-1.5B-Instruct,Q5_K_M,1.047782450914383,32768,small,5.72,0.37,5.67,6.46,7.28,5.27,5.73,299.09,0.64,332.5,0.0020,28.5,,40,9.2146,AMD Ryzen Threadripper 2990WX 32-Core Processor,94.2 GB
2026-02-08T15:50:04.526819,2026-02-08T04-42-54Z_66dd,NVIDIA GeForce RTX 3080,10240,Qwen2-1.5B-Instruct,Q5_K_M,1.047782450914383,32768,medium,5.88,0.24,5.86,6.44,6.50,5.50,5.89,297.29,0.25,333.8,0.0020,31.3,,40,9.2146,AMD Ryzen Threadripper 2990WX 32-Core Processor,94.2 GB
2026-02-08T15:50:23.310011,2026-02-08T04-42-54Z_66dd,NVIDIA GeForce RTX 3080,10240,Qwen2-1.5B-Instruct,Q5_K_M,1.047782450914383,32768,large,5.77,0.27,5.84,6.12,6.20,5.42,5.78,296.50,0.13,332.2,0.0020,38.6,,40,9.2146,AMD Ryzen Threadripper 2990WX 32-Core Processor,94.2 GB
2026-02-08T15:50:42.152880,2026-02-08T04-42-54Z_66dd,NVIDIA GeForce RTX 3080,10240,Qwen2-1.5B-Instruct,Q5_K_M,1.047782450914383,32768,xlarge,7.27,0.55,7.13,8.41,8.74,8.74,7.23,265.39,0.46,334.6,1.8617,677.4,,40,9.2146,AMD Ryzen Threadripper 2990WX 32-Core Processor,94.2 GB
2026-02-08T15:51:07.761516,2026-02-08T04-42-54Z_66dd,NVIDIA GeForce RTX 3080,10240,Qwen2-1.5B-Instruct,Q4_K_M,0.9183268845081329,32768,tiny,3.56,0.12,3.56,3.74,3.75,3.44,3.57,314.13,2.29,335.4,0.0019,25.8,,40,9.3649,AMD Ryzen Threadripper 2990WX 32-Core Processor,94.2 GB
2026-02-08T15:51:25.463775,2026-02-08T04-42-54Z_66dd,NVIDIA GeForce RTX 3080,10240,Qwen2-1.5B-Instruct,Q4_K_M,0.9183268845081329,32768,small,6.21,2.11,5.88,6.83,19.04,5.60,6.22,310.23,1.83,332.6,0.0019,28.5,,40,9.3649,AMD Ryzen Threadripper 2990WX 32-Core Processor,94.2 GB
2026-02-08T15:51:43.487753,2026-02-08T04-42-54Z_66dd,NVIDIA GeForce RTX 3080,10240,Qwen2-1.5B-Instruct,Q4_K_M,0.9183268845081329,32768,medium,5.69,0.35,5.68,6.38,6.49,5.20,5.70,309.97,0.50,334.6,0.0019,30.5,,40,9.3649,AMD Ryzen Threadripper 2990WX 32-Core Processor,94.2 GB
2026-02-08T15:52:00.859216,2026-02-08T04-42-54Z_66dd,NVIDIA GeForce RTX 3080,10240,Qwen2-1.5B-Instruct,Q4_K_M,0.9183268845081329,32768,large,5.73,0.24,5.72,6.22,6.25,6.25,5.72,309.15,0.38,333.5,0.0018,38.6,,40,9.3649,AMD Ryzen Threadripper 2990WX 32-Core Processor,94.2 GB
2026-02-08T15:52:18.950606,2026-02-08T04-42-54Z_66dd,NVIDIA GeForce RTX 3080,10240,Qwen2-1.5B-Instruct,Q4_K_M,0.9183268845081329,32768,xlarge,7.00,0.60,6.90,8.18,8.41,8.09,6.97,274.60,0.39,322.6,0.0021,677.4,,40,9.3649,AMD Ryzen Threadripper 2990WX 32-Core Processor,94.2 GB
2026-02-08T15:52:43.386684,2026-02-08T04-42-54Z_66dd,NVIDIA GeForce RTX 3080,10240,Qwen2-1.5B-Instruct,Q3_K_M,0.7675738632678986,32768,tiny,4.20,0.13,4.16,4.35,4.35,4.09,4.21,277.59,0.44,334.5,0.0017,25.8,,40,10.0171,AMD Ryzen Threadripper 2990WX 32-Core Processor,94.2 GB
2026-02-08T15:53:03.399606,2026-02-08T04-42-54Z_66dd,NVIDIA GeForce RTX 3080,10240,Qwen2-1.5B-Instruct,Q3_K_M,0.7675738632678986,32768,small,6.18,0.43,6.12,6.83,8.00,6.36,6.17,274.44,0.45,334.4,0.0018,28.5,,40,10.0171,AMD Ryzen Threadripper 2990WX 32-Core Processor,94.2 GB
2026-02-08T15:53:23.702369,2026-02-08T04-42-54Z_66dd,NVIDIA GeForce RTX 3080,10240,Qwen2-1.5B-Instruct,Q3_K_M,0.7675738632678986,32768,medium,6.13,0.44,6.13,6.91,7.75,6.17,6.13,271.83,1.86,333.3,0.0019,31.3,,40,10.0171,AMD Ryzen Threadripper 2990WX 32-Core Processor,94.2 GB
2026-02-08T15:53:44.181791,2026-02-08T04-42-54Z_66dd,NVIDIA GeForce RTX 3080,10240,Qwen2-1.5B-Instruct,Q3_K_M,0.7675738632678986,32768,large,6.49,0.32,6.45,6.91,6.95,5.68,6.51,271.74,0.22,330.7,0.0018,38.6,,40,10.0171,AMD Ryzen Threadripper 2990WX 32-Core Processor,94.2 GB
2026-02-08T15:54:04.709732,2026-02-08T04-42-54Z_66dd,NVIDIA GeForce RTX 3080,10240,Qwen2-1.5B-Instruct,Q3_K_M,0.7675738632678986,32768,xlarge,7.20,0.29,7.13,7.77,8.11,7.06,7.20,245.94,0.31,331.3,1.8439,677.4,,40,10.0171,AMD Ryzen Threadripper 2990WX 32-Core Processor,94.2 GB
2026-02-08T15:54:31.405770,2026-02-08T04-42-54Z_66dd,NVIDIA GeForce RTX 3080,10240,Qwen2-1.5B-Instruct,Q2_K,0.6298556625843048,32768,tiny,3.86,0.14,3.94,4.07,4.14,3.73,3.87,313.15,1.70,328.5,0.0017,25.8,,40,13.6655,AMD Ryzen Threadripper 2990WX 32-Core Processor,94.2 GB
2026-02-08T15:54:49.230435,2026-02-08T04-42-54Z_66dd,NVIDIA GeForce RTX 3080,10240,Qwen2-1.5B-Instruct,Q2_K,0.6298556625843048,32768,small,6.07,0.38,6.04,6.44,7.89,5.54,6.09,309.51,1.53,324.0,0.0019,28.5,,40,13.6655,AMD Ryzen Threadripper 2990WX 32-Core Processor,94.2 GB
2026-02-08T15:55:07.310216,2026-02-08T04-42-54Z_66dd,NVIDIA GeForce RTX 3080,10240,Qwen2-1.5B-Instruct,Q2_K,0.6298556625843048,32768,medium,6.00,0.26,6.00,6.32,6.47,6.00,6.00,308.10,1.09,323.5,0.0018,31.3,,40,13.6655,AMD Ryzen Threadripper 2990WX 32-Core Processor,94.2 GB
2026-02-08T15:55:25.474216,2026-02-08T04-42-54Z_66dd,NVIDIA GeForce RTX 3080,10240,Qwen2-1.5B-Instruct,Q2_K,0.6298556625843048,32768,large,6.07,0.20,6.13,6.31,6.33,6.11,6.07,307.10,1.18,323.6,0.0019,38.6,,40,13.6655,AMD Ryzen Threadripper 2990WX 32-Core Processor,94.2 GB
2026-02-08T15:55:43.715397,2026-02-08T04-42-54Z_66dd,NVIDIA GeForce RTX 3080,10240,Qwen2-1.5B-Instruct,Q2_K,0.6298556625843048,32768,xlarge,6.96,0.35,6.95,7.59,7.63,6.80,6.96,274.15,1.20,323.6,0.0019,677.4,,40,13.6655,AMD Ryzen Threadripper 2990WX 32-Core Processor,94.2 GB
2026-02-08T15:56:26.618090,2026-02-08T04-56-11Z_ba05,NVIDIA GeForce RTX 3080,10240,Qwen2.5-14B-Instruct,Q2_K,5.374195069074631,2088,tiny,15.29,0.23,15.38,15.53,15.55,14.36,15.32,67.92,0.27,333.8,5.5669,147.2,,40,7.1627,AMD Ryzen Threadripper 2990WX 32-Core Processor,94.2 GB
2026-02-08T15:57:46.857245,2026-02-08T04-56-11Z_ba05,NVIDIA GeForce RTX 3080,10240,Qwen2.5-14B-Instruct,Q2_K,5.374195069074631,2088,small,18.64,0.55,18.58,20.45,20.82,17.43,18.67,67.33,0.05,334.7,5.5824,163.1,,40,7.1627,AMD Ryzen Threadripper 2990WX 32-Core Processor,94.2 GB
2026-02-08T15:59:07.932693,2026-02-08T04-56-11Z_ba05,NVIDIA GeForce RTX 3080,10240,Qwen2.5-14B-Instruct,Q2_K,5.374195069074631,2088,medium,18.46,0.31,18.48,19.16,19.19,17.37,18.49,67.29,0.04,335.9,5.6018,179.1,,40,7.1627,AMD Ryzen Threadripper 2990WX 32-Core Processor,94.2 GB
2026-02-08T16:00:29.070525,2026-02-08T04-56-11Z_ba05,NVIDIA GeForce RTX 3080,10240,Qwen2.5-14B-Instruct,Q2_K,5.374195069074631,2088,large,18.53,0.34,18.50,19.29,19.30,17.24,18.56,67.17,0.05,335.7,5.5983,220.3,,40,7.1627,AMD Ryzen Threadripper 2990WX 32-Core Processor,94.2 GB
2026-02-08T16:01:50.381305,2026-02-08T04-56-11Z_ba05,NVIDIA GeForce RTX 3080,10240,Qwen2.5-14B-Instruct,Q2_K,5.374195069074631,2088,xlarge,19.32,0.59,19.20,20.94,21.27,20.94,19.28,64.58,0.05,336.4,7.4791,1468.1,,40,7.1627,AMD Ryzen Threadripper 2990WX 32-Core Processor,94.2 GB
2026-02-08T16:03:37.490858,2026-02-08T05-03-21Z_4454,NVIDIA GeForce RTX 3080,10240,Qwen2.5-7B-Instruct,Q6_K,5.824676990509033,3909,tiny,10.65,0.24,10.65,10.98,11.56,10.62,10.65,97.81,0.96,329.0,3.6578,60.1,,40,6.0933,AMD Ryzen Threadripper 2990WX 32-Core Processor,94.2 GB
2026-02-08T16:04:33.322423,2026-02-08T05-03-21Z_4454,NVIDIA GeForce RTX 3080,10240,Qwen2.5-7B-Instruct,Q6_K,5.824676990509033,3909,small,12.71,0.41,12.73,13.42,13.98,12.16,12.73,94.86,1.69,290.4,3.2267,66.6,,40,6.0933,AMD Ryzen Threadripper 2990WX 32-Core Processor,94.2 GB
2026-02-08T16:05:30.872228,2026-02-08T05-03-21Z_4454,NVIDIA GeForce RTX 3080,10240,Qwen2.5-7B-Instruct,Q6_K,5.824676990509033,3909,medium,12.55,0.24,12.58,12.95,13.15,12.32,12.56,97.11,0.86,327.4,3.6403,73.1,,40,6.0933,AMD Ryzen Threadripper 2990WX 32-Core Processor,94.2 GB
2026-02-08T16:06:27.147998,2026-02-08T05-03-21Z_4454,NVIDIA GeForce RTX 3080,10240,Qwen2.5-7B-Instruct,Q6_K,5.824676990509033,3909,large,12.75,0.34,12.77,13.35,14.11,12.20,12.76,95.92,1.21,308.1,3.4252,90.0,,40,6.0933,AMD Ryzen Threadripper 2990WX 32-Core Processor,94.2 GB
2026-02-08T16:07:24.145112,2026-02-08T05-03-21Z_4454,NVIDIA GeForce RTX 3080,10240,Qwen2.5-7B-Instruct,Q6_K,5.824676990509033,3909,xlarge,11.68,0.22,11.77,11.98,12.01,11.86,11.68,93.92,0.65,323.1,3.5900,1112.5,,40,6.0933,AMD Ryzen Threadripper 2990WX 32-Core Processor,94.2 GB
2026-02-08T16:08:37.198825,2026-02-08T05-03-21Z_4454,NVIDIA GeForce RTX 3080,10240,Qwen2.5-7B-Instruct,Q5_K_M,5.070894718170166,5925,tiny,9.28,0.17,9.32,9.62,9.74,9.16,9.29,112.52,0.12,340.2,3.7835,60.1,,40,6.1694,AMD Ryzen Threadripper 2990WX 32-Core Processor,94.2 GB
2026-02-08T16:09:25.812122,2026-02-08T05-03-21Z_4454,NVIDIA GeForce RTX 3080,10240,Qwen2.5-7B-Instruct,Q5_K_M,5.070894718170166,5925,small,11.34,0.41,11.30,11.81,13.13,11.23,11.34,110.77,1.00,310.8,3.4550,60.5,,40,6.1694,AMD Ryzen Threadripper 2990WX 32-Core Processor,94.2 GB
2026-02-08T16:10:09.160025,2026-02-08T05-03-21Z_4454,NVIDIA GeForce RTX 3080,10240,Qwen2.5-7B-Instruct,Q5_K_M,5.070894718170166,5925,medium,9.46,0.14,9.48,9.68,9.77,9.24,9.46,111.56,0.46,333.2,3.7043,73.1,,40,6.1694,AMD Ryzen Threadripper 2990WX 32-Core Processor,94.2 GB
2026-02-08T16:10:58.175093,2026-02-08T05-03-21Z_4454,NVIDIA GeForce RTX 3080,10240,Qwen2.5-7B-Instruct,Q5_K_M,5.070894718170166,5925,large,11.20,0.31,11.21,11.70,11.85,10.94,11.21,111.09,0.12,324.6,3.6093,90.0,,40,6.1694,AMD Ryzen Threadripper 2990WX 32-Core Processor,94.2 GB
2026-02-08T16:11:47.505632,2026-02-08T05-03-21Z_4454,NVIDIA GeForce RTX 3080,10240,Qwen2.5-7B-Instruct,Q5_K_M,5.070894718170166,5925,xlarge,12.79,0.65,12.61,13.78,13.83,13.08,12.78,105.76,0.26,336.8,3.7420,1580.6,,40,6.1694,AMD Ryzen Threadripper 2990WX 32-Core Processor,94.2 GB
2026-02-08T16:12:53.102442,2026-02-08T05-03-21Z_4454,NVIDIA GeForce RTX 3080,10240,Qwen2.5-7B-Instruct,Q4_K_M,4.361452579498291,7823,tiny,8.41,0.14,8.49,8.63,8.64,8.48,8.41,125.28,0.12,335.8,1.8686,50.1,,40,6.3149,AMD Ryzen Threadripper 2990WX 32-Core Processor,94.2 GB
2026-02-08T16:13:28.220693,2026-02-08T05-03-21Z_4454,NVIDIA GeForce RTX 3080,10240,Qwen2.5-7B-Instruct,Q4_K_M,4.361452579498291,7823,small,10.35,0.43,10.36,11.28,11.38,9.86,10.37,124.27,0.12,341.3,3.7972,66.6,,40,6.3149,AMD Ryzen Threadripper 2990WX 32-Core Processor,94.2 GB
2026-02-08T16:14:12.342470,2026-02-08T05-03-21Z_4454,NVIDIA GeForce RTX 3080,10240,Qwen2.5-7B-Instruct,Q4_K_M,4.361452579498291,7823,medium,8.67,0.18,8.69,8.98,8.98,8.45,8.67,123.03,0.78,320.2,3.5598,73.1,,40,6.3149,AMD Ryzen Threadripper 2990WX 32-Core Processor,94.2 GB
2026-02-08T16:14:56.841856,2026-02-08T05-03-21Z_4454,NVIDIA GeForce RTX 3080,10240,Qwen2.5-7B-Instruct,Q4_K_M,4.361452579498291,7823,large,10.46,0.32,10.50,10.90,11.32,9.96,10.47,123.82,0.11,340.8,3.7904,90.0,,40,6.3149,AMD Ryzen Threadripper 2990WX 32-Core Processor,94.2 GB
2026-02-08T16:15:41.159514,2026-02-08T05-03-21Z_4454,NVIDIA GeForce RTX 3080,10240,Qwen2.5-7B-Instruct,Q4_K_M,4.361452579498291,7823,xlarge,11.40,0.25,11.42,11.80,11.93,11.04,11.41,116.52,0.54,332.9,3.7028,1580.6,,40,6.3149,AMD Ryzen Threadripper 2990WX 32-Core Processor,94.2 GB
2026-02-08T16:16:39.916479,2026-02-08T05-03-21Z_4454,NVIDIA GeForce RTX 3080,10240,Qwen2.5-7B-Instruct,Q3_K_M,3.5468411445617676,10002,tiny,9.82,0.15,9.88,10.03,10.10,9.87,9.82,106.20,0.29,335.7,3.7334,60.1,,40,6.8327,AMD Ryzen Threadripper 2990WX 32-Core Processor,94.2 GB
2026-02-08T16:17:31.406075,2026-02-08T05-03-21Z_4454,NVIDIA GeForce RTX 3080,10240,Qwen2.5-7B-Instruct,Q3_K_M,3.5468411445617676,10002,small,11.83,0.36,11.84,12.35,13.36,11.35,11.84,105.33,0.10,334.7,3.7219,66.6,,40,6.8327,AMD Ryzen Threadripper 2990WX 32-Core Processor,94.2 GB
2026-02-08T16:18:23.384951,2026-02-08T05-03-21Z_4454,NVIDIA GeForce RTX 3080,10240,Qwen2.5-7B-Instruct,Q3_K_M,3.5468411445617676,10002,medium,10.08,0.11,10.08,10.28,10.29,9.94,10.09,105.74,0.17,334.8,1.8626,55.1,,40,6.8327,AMD Ryzen Threadripper 2990WX 32-Core Processor,94.2 GB
2026-02-08T16:18:56.436527,2026-02-08T05-03-21Z_4454,NVIDIA GeForce RTX 3080,10240,Qwen2.5-7B-Instruct,Q3_K_M,3.5468411445617676,10002,large,11.97,0.35,12.02,12.33,13.45,11.25,11.98,104.99,0.05,336.7,3.7422,90.0,,40,6.8327,AMD Ryzen Threadripper 2990WX 32-Core Processor,94.2 GB
2026-02-08T16:19:48.608432,2026-02-08T05-03-21Z_4454,NVIDIA GeForce RTX 3080,10240,Qwen2.5-7B-Instruct,Q3_K_M,3.5468411445617676,10002,xlarge,12.63,0.30,12.56,13.12,13.36,12.91,12.62,100.29,0.04,339.2,3.7703,1580.6,,40,6.8327,AMD Ryzen Threadripper 2990WX 32-Core Processor,94.2 GB
2026-02-08T16:20:53.101135,2026-02-08T05-03-21Z_4454,NVIDIA GeForce RTX 3080,10240,Qwen2.5-7B-Instruct,Q2_K,2.8088135719299316,11976,tiny,8.19,0.15,8.20,8.41,8.67,8.28,8.19,128.66,0.44,334.5,3.5345,60.1,,40,9.2888,AMD Ryzen Threadripper 2990WX 32-Core Processor,94.2 GB
2026-02-08T16:21:35.664852,2026-02-08T05-03-21Z_4454,NVIDIA GeForce RTX 3080,10240,Qwen2.5-7B-Instruct,Q2_K,2.8088135719299316,11976,small,10.00,0.29,10.05,10.48,10.65,9.69,10.00,127.66,0.12,333.1,3.7038,66.6,,40,9.2888,AMD Ryzen Threadripper 2990WX 32-Core Processor,94.2 GB
2026-02-08T16:22:18.643213,2026-02-08T05-03-21Z_4454,NVIDIA GeForce RTX 3080,10240,Qwen2.5-7B-Instruct,Q2_K,2.8088135719299316,11976,medium,10.13,0.30,10.15,10.68,10.79,9.66,10.15,127.25,0.14,333.5,3.7084,73.1,,40,9.2888,AMD Ryzen Threadripper 2990WX 32-Core Processor,94.2 GB
2026-02-08T16:23:01.781519,2026-02-08T05-03-21Z_4454,NVIDIA GeForce RTX 3080,10240,Qwen2.5-7B-Instruct,Q2_K,2.8088135719299316,11976,large,10.35,0.27,10.44,10.67,10.70,9.73,10.36,127.02,0.09,333.4,3.7076,90.0,,40,9.2888,AMD Ryzen Threadripper 2990WX 32-Core Processor,94.2 GB
2026-02-08T16:23:45.015873,2026-02-08T05-03-21Z_4454,NVIDIA GeForce RTX 3080,10240,Qwen2.5-7B-Instruct,Q2_K,2.8088135719299316,11976,xlarge,10.88,0.40,10.79,11.68,12.45,11.68,10.86,120.58,0.09,335.1,3.7275,1580.6,,40,9.2888,AMD Ryzen Threadripper 2990WX 32-Core Processor,94.2 GB
2026-02-08T16:24:56.020584,2026-02-08T05-24-38Z_d208,NVIDIA GeForce RTX 3080,10240,Qwen2.5-Coder-7B,Q6_K,5.824677050113678,3909,tiny,10.69,0.20,10.71,11.17,11.28,10.67,10.69,97.83,1.12,333.1,3.7040,52.8,,40,8.3992,AMD Ryzen Threadripper 2990WX 32-Core Processor,94.2 GB
2026-02-08T16:25:51.832461,2026-02-08T05-24-38Z_d208,NVIDIA GeForce RTX 3080,10240,Qwen2.5-Coder-7B,Q6_K,5.824677050113678,3909,small,13.07,0.37,13.08,13.90,14.01,13.08,13.07,96.56,0.71,311.8,3.4661,61.6,,40,8.3992,AMD Ryzen Threadripper 2990WX 32-Core Processor,94.2 GB
2026-02-08T16:26:48.434292,2026-02-08T05-24-38Z_d208,NVIDIA GeForce RTX 3080,10240,Qwen2.5-Coder-7B,Q6_K,5.824677050113678,3909,medium,13.14,0.50,13.06,13.73,15.85,13.05,13.14,97.06,0.61,332.7,3.6993,124.8,,40,8.3992,AMD Ryzen Threadripper 2990WX 32-Core Processor,94.2 GB
2026-02-08T16:27:44.836012,2026-02-08T05-24-38Z_d208,NVIDIA GeForce RTX 3080,10240,Qwen2.5-Coder-7B,Q6_K,5.824677050113678,3909,large,11.10,0.17,11.14,11.44,11.46,11.30,11.10,96.31,0.06,339.5,3.7751,431.4,,40,8.3992,AMD Ryzen Threadripper 2990WX 32-Core Processor,94.2 GB
2026-02-08T16:28:41.904885,2026-02-08T05-24-38Z_d208,NVIDIA GeForce RTX 3080,10240,Qwen2.5-Coder-7B,Q6_K,5.824677050113678,3909,xlarge,11.36,0.22,11.44,11.66,11.72,11.60,11.36,1000.00,0.00,300.3,0.0015,1181.7,,40,8.3992,AMD Ryzen Threadripper 2990WX 32-Core Processor,94.2 GB
2026-02-08T16:28:57.774796,2026-02-08T05-24-38Z_d208,NVIDIA GeForce RTX 3080,10240,Qwen2.5-Coder-7B,Q5_K_M,5.070894777774811,5925,tiny,9.38,0.06,9.37,9.48,9.53,9.48,9.38,113.99,0.12,336.6,0.0020,24.9,,40,8.4301,AMD Ryzen Threadripper 2990WX 32-Core Processor,94.2 GB
2026-02-08T16:29:18.858864,2026-02-08T05-24-38Z_d208,NVIDIA GeForce RTX 3080,10240,Qwen2.5-Coder-7B,Q5_K_M,5.070894777774811,5925,small,9.41,0.10,9.42,9.55,9.55,9.47,9.40,112.45,0.05,341.8,3.8007,61.6,,40,8.4301,AMD Ryzen Threadripper 2990WX 32-Core Processor,94.2 GB
2026-02-08T16:30:07.477488,2026-02-08T05-24-38Z_d208,NVIDIA GeForce RTX 3080,10240,Qwen2.5-Coder-7B,Q5_K_M,5.070894777774811,5925,medium,11.43,0.23,11.41,11.91,12.07,11.41,11.43,111.66,0.04,342.0,3.8028,124.8,,40,8.4301,AMD Ryzen Threadripper 2990WX 32-Core Processor,94.2 GB
2026-02-08T16:30:56.573301,2026-02-08T05-24-38Z_d208,NVIDIA GeForce RTX 3080,10240,Qwen2.5-Coder-7B,Q5_K_M,5.070894777774811,5925,large,9.91,0.11,9.92,10.08,10.13,10.08,9.90,109.78,0.04,342.3,3.8065,431.4,,40,8.4301,AMD Ryzen Threadripper 2990WX 32-Core Processor,94.2 GB
2026-02-08T16:31:50.143968,2026-02-08T05-31-47Z_620d,NVIDIA GeForce RTX 3080,10240,SmolLM2-360M-Instruct-GGUF,F16,0.6757246255874634,2048,tiny,2.82,1.31,2.58,3.39,10.83,10.83,2.62,1000.00,0.00,134.8,0.0005,0.0,,40,19.4966,AMD Ryzen Threadripper 2990WX 32-Core Processor,94.2 GB
2026-02-08T16:31:50.831249,2026-02-08T05-31-47Z_620d,NVIDIA GeForce RTX 3080,10240,SmolLM2-360M-Instruct-GGUF,F16,0.6757246255874634,2048,small,2.60,0.07,2.58,2.79,2.93,2.65,2.60,1000.00,0.00,134.8,0.0004,0.1,,40,19.4966,AMD Ryzen Threadripper 2990WX 32-Core Processor,94.2 GB
2026-02-08T16:31:51.259554,2026-02-08T05-31-47Z_620d,NVIDIA GeForce RTX 3080,10240,SmolLM2-360M-Instruct-GGUF,F16,0.6757246255874634,2048,medium,2.61,0.08,2.60,2.69,3.05,2.69,2.61,1000.00,0.00,157.5,0.0005,0.1,,40,19.4966,AMD Ryzen Threadripper 2990WX 32-Core Processor,94.2 GB
2026-02-08T16:31:51.671452,2026-02-08T05-31-47Z_620d,NVIDIA GeForce RTX 3080,10240,SmolLM2-360M-Instruct-GGUF,F16,0.6757246255874634,2048,large,2.65,0.06,2.63,2.74,2.99,2.74,2.64,1000.00,0.00,178.5,0.0006,0.2,,40,19.4966,AMD Ryzen Threadripper 2990WX 32-Core Processor,94.2 GB
2026-02-08T16:31:52.115750,2026-02-08T05-31-47Z_620d,NVIDIA GeForce RTX 3080,10240,SmolLM2-360M-Instruct-GGUF,F16,0.6757246255874634,2048,xlarge,3.43,0.13,3.45,3.59,3.60,2.97,3.44,372.71,0.86,284.9,0.0017,2.2,,40,19.4966,AMD Ryzen Threadripper 2990WX 32-Core Processor,94.2 GB
2026-02-08T16:32:09.588623,2026-02-08T05-31-47Z_620d,NVIDIA GeForce RTX 3080,10240,SmolLM2-360M-Instruct-GGUF,Q8_0,0.3598676919937134,2048,tiny,2.21,0.08,2.18,2.43,2.54,2.26,2.21,1000.00,0.00,132.8,0.0004,0.0,,40,19.5620,AMD Ryzen Threadripper 2990WX 32-Core Processor,94.2 GB
2026-02-08T16:32:09.999019,2026-02-08T05-31-47Z_620d,NVIDIA GeForce RTX 3080,10240,SmolLM2-360M-Instruct-GGUF,Q8_0,0.3598676919937134,2048,small,2.46,0.90,2.25,2.72,7.94,2.25,2.47,1000.00,0.00,141.7,0.0006,0.1,,40,19.5620,AMD Ryzen Threadripper 2990WX 32-Core Processor,94.2 GB
2026-02-08T16:32:10.439367,2026-02-08T05-31-47Z_620d,NVIDIA GeForce RTX 3080,10240,SmolLM2-360M-Instruct-GGUF,Q8_0,0.3598676919937134,2048,medium,2.29,0.11,2.25,2.58,2.68,2.68,2.28,1000.00,0.00,147.1,0.0005,0.1,,40,19.5620,AMD Ryzen Threadripper 2990WX 32-Core Processor,94.2 GB
2026-02-08T16:32:10.862134,2026-02-08T05-31-47Z_620d,NVIDIA GeForce RTX 3080,10240,SmolLM2-360M-Instruct-GGUF,Q8_0,0.3598676919937134,2048,large,2.24,0.10,2.19,2.48,2.52,2.52,2.23,1000.00,0.00,150.7,0.0004,0.2,,40,19.5620,AMD Ryzen Threadripper 2990WX 32-Core Processor,94.2 GB
2026-02-08T16:32:11.279580,2026-02-08T05-31-47Z_620d,NVIDIA GeForce RTX 3080,10240,SmolLM2-360M-Instruct-GGUF,Q8_0,0.3598676919937134,2048,xlarge,2.90,0.22,2.97,3.20,3.27,3.05,2.89,440.85,2.19,239.8,0.0014,2.2,,40,19.5620,AMD Ryzen Threadripper 2990WX 32-Core Processor,94.2 GB
2026-02-08T16:32:25.995190,2026-02-08T05-31-47Z_620d,NVIDIA GeForce RTX 3080,10240,SmolLM2-360M-Instruct-GGUF,Q6_K,0.34212934970855713,2048,tiny,2.22,0.12,2.17,2.53,2.53,2.47,2.22,1000.00,0.00,132.2,0.0005,0.0,,40,19.6669,AMD Ryzen Threadripper 2990WX 32-Core Processor,94.2 GB
2026-02-08T16:32:26.442620,2026-02-08T05-31-47Z_620d,NVIDIA GeForce RTX 3080,10240,SmolLM2-360M-Instruct-GGUF,Q6_K,0.34212934970855713,2048,small,2.25,0.12,2.19,2.52,2.54,2.18,2.26,1000.00,0.00,137.9,0.0005,0.1,,40,19.6669,AMD Ryzen Threadripper 2990WX 32-Core Processor,94.2 GB
2026-02-08T16:32:26.871077,2026-02-08T05-31-47Z_620d,NVIDIA GeForce RTX 3080,10240,SmolLM2-360M-Instruct-GGUF,Q6_K,0.34212934970855713,2048,medium,2.18,0.07,2.16,2.39,2.44,2.33,2.18,1000.00,0.00,142.0,0.0004,0.1,,40,19.6669,AMD Ryzen Threadripper 2990WX 32-Core Processor,94.2 GB
2026-02-08T16:32:27.288026,2026-02-08T05-31-47Z_620d,NVIDIA GeForce RTX 3080,10240,SmolLM2-360M-Instruct-GGUF,Q6_K,0.34212934970855713,2048,large,2.29,0.54,2.17,2.62,5.59,2.22,2.29,1000.00,0.00,153.3,0.0004,0.2,,40,19.6669,AMD Ryzen Threadripper 2990WX 32-Core Processor,94.2 GB
2026-02-08T16:32:27.731892,2026-02-08T05-31-47Z_620d,NVIDIA GeForce RTX 3080,10240,SmolLM2-360M-Instruct-GGUF,Q6_K,0.34212934970855713,2048,xlarge,3.01,0.14,3.03,3.27,3.27,2.97,3.01,441.46,0.82,239.9,0.0015,2.2,,40,19.6669,AMD Ryzen Threadripper 2990WX 32-Core Processor,94.2 GB
2026-02-08T16:32:42.466713,2026-02-08T05-31-47Z_620d,NVIDIA GeForce RTX 3080,10240,SmolLM2-360M-Instruct-GGUF,Q5_K_M,0.27003157138824463,2048,tiny,2.08,0.07,2.06,2.33,2.35,2.13,2.08,1000.00,0.00,131.6,0.0005,0.0,,40,19.9117,AMD Ryzen Threadripper 2990WX 32-Core Processor,94.2 GB
2026-02-08T16:32:42.921170,2026-02-08T05-31-47Z_620d,NVIDIA GeForce RTX 3080,10240,SmolLM2-360M-Instruct-GGUF,Q5_K_M,0.27003157138824463,2048,small,2.08,0.06,2.06,2.30,2.39,2.08,2.08,1000.00,0.00,134.7,0.0005,0.1,,40,19.9117,AMD Ryzen Threadripper 2990WX 32-Core Processor,94.2 GB
2026-02-08T16:32:43.344508,2026-02-08T05-31-47Z_620d,NVIDIA GeForce RTX 3080,10240,SmolLM2-360M-Instruct-GGUF,Q5_K_M,0.27003157138824463,2048,medium,2.06,0.02,2.06,2.10,2.20,2.10,2.06,1000.00,0.00,139.3,0.0004,0.1,,40,19.9117,AMD Ryzen Threadripper 2990WX 32-Core Processor,94.2 GB
2026-02-08T16:32:43.764369,2026-02-08T05-31-47Z_620d,NVIDIA GeForce RTX 3080,10240,SmolLM2-360M-Instruct-GGUF,Q5_K_M,0.27003157138824463,2048,large,2.12,0.11,2.07,2.36,2.38,2.38,2.11,1000.00,0.00,150.9,0.0004,0.2,,40,19.9117,AMD Ryzen Threadripper 2990WX 32-Core Processor,94.2 GB
2026-02-08T16:32:44.207459,2026-02-08T05-31-47Z_620d,NVIDIA GeForce RTX 3080,10240,SmolLM2-360M-Instruct-GGUF,Q5_K_M,0.27003157138824463,2048,xlarge,2.74,0.21,2.79,3.03,3.11,2.91,2.74,476.40,1.74,209.3,0.0011,2.1,,40,19.9117,AMD Ryzen Threadripper 2990WX 32-Core Processor,94.2 GB
2026-02-08T16:32:49.718426,2026-02-08T05-31-47Z_620d,NVIDIA GeForce RTX 3080,10240,SmolLM2-360M-Instruct-GGUF,Q4_K_M,0.2520071268081665,2048,tiny,2.09,0.07,2.08,2.36,2.43,2.11,2.09,1000.00,0.00,130.0,0.0005,0.0,,40,19.9197,AMD Ryzen Threadripper 2990WX 32-Core Processor,94.2 GB
2026-02-08T16:32:50.201037,2026-02-08T05-31-47Z_620d,NVIDIA GeForce RTX 3080,10240,SmolLM2-360M-Instruct-GGUF,Q4_K_M,0.2520071268081665,2048,small,2.18,0.06,2.19,2.33,2.38,2.24,2.18,1000.00,0.00,138.0,0.0005,0.1,,40,19.9197,AMD Ryzen Threadripper 2990WX 32-Core Processor,94.2 GB
2026-02-08T16:32:50.655332,2026-02-08T05-31-47Z_620d,NVIDIA GeForce RTX 3080,10240,SmolLM2-360M-Instruct-GGUF,Q4_K_M,0.2520071268081665,2048,medium,2.09,0.07,2.07,2.34,2.41,2.12,2.09,1000.00,0.00,145.8,0.0005,0.1,,40,19.9197,AMD Ryzen Threadripper 2990WX 32-Core Processor,94.2 GB
2026-02-08T16:32:51.092219,2026-02-08T05-31-47Z_620d,NVIDIA GeForce RTX 3080,10240,SmolLM2-360M-Instruct-GGUF,Q4_K_M,0.2520071268081665,2048,large,2.21,0.55,2.09,3.19,5.43,2.12,2.21,1000.00,0.00,145.8,0.0004,0.2,,40,19.9197,AMD Ryzen Threadripper 2990WX 32-Core Processor,94.2 GB
2026-02-08T16:32:51.548062,2026-02-08T05-31-47Z_620d,NVIDIA GeForce RTX 3080,10240,SmolLM2-360M-Instruct-GGUF,Q4_K_M,0.2520071268081665,2048,xlarge,2.73,0.23,2.81,3.06,3.08,2.83,2.73,461.58,3.39,228.8,0.0014,2.2,,40,19.9197,AMD Ryzen Threadripper 2990WX 32-Core Processor,94.2 GB
2026-02-08T16:33:05.807197,2026-02-08T05-31-47Z_620d,NVIDIA GeForce RTX 3080,10240,SmolLM2-360M-Instruct-GGUF,Q3_K_M,0.21856892108917236,2048,tiny,2.06,0.10,2.03,2.36,2.37,2.35,2.05,1000.00,0.00,129.9,0.0004,0.0,,40,21.2053,AMD Ryzen Threadripper 2990WX 32-Core Processor,94.2 GB
2026-02-08T16:33:06.305124,2026-02-08T05-31-47Z_620d,NVIDIA GeForce RTX 3080,10240,SmolLM2-360M-Instruct-GGUF,Q3_K_M,0.21856892108917236,2048,small,2.10,0.12,2.04,2.39,2.39,2.08,2.10,1000.00,0.00,132.5,0.0005,0.1,,40,21.2053,AMD Ryzen Threadripper 2990WX 32-Core Processor,94.2 GB
2026-02-08T16:33:06.773242,2026-02-08T05-31-47Z_620d,NVIDIA GeForce RTX 3080,10240,SmolLM2-360M-Instruct-GGUF,Q3_K_M,0.21856892108917236,2048,medium,2.06,0.10,2.03,2.38,2.47,2.47,2.05,1000.00,0.00,141.2,0.0004,0.1,,40,21.2053,AMD Ryzen Threadripper 2990WX 32-Core Processor,94.2 GB
2026-02-08T16:33:07.221225,2026-02-08T05-31-47Z_620d,NVIDIA GeForce RTX 3080,10240,SmolLM2-360M-Instruct-GGUF,Q3_K_M,0.21856892108917236,2048,large,2.19,0.65,2.07,2.52,6.16,2.13,2.19,1000.00,0.00,150.3,0.0005,0.2,,40,21.2053,AMD Ryzen Threadripper 2990WX 32-Core Processor,94.2 GB
2026-02-08T16:33:07.697770,2026-02-08T05-31-47Z_620d,NVIDIA GeForce RTX 3080,10240,SmolLM2-360M-Instruct-GGUF,Q3_K_M,0.21856892108917236,2048,xlarge,2.88,0.13,2.91,3.02,3.04,2.92,2.88,473.92,1.70,222.6,0.0014,2.2,,40,21.2053,AMD Ryzen Threadripper 2990WX 32-Core Processor,94.2 GB
2026-02-08T16:33:21.662295,2026-02-08T05-31-47Z_620d,NVIDIA GeForce RTX 3080,10240,SmolLM2-360M-Instruct-GGUF,Q2_K,0.20365583896636963,2048,tiny,2.46,0.13,2.50,2.68,2.70,2.22,2.47,508.08,1.37,220.9,0.0012,0.2,,40,23.0024,AMD Ryzen Threadripper 2990WX 32-Core Processor,94.2 GB
2026-02-08T16:33:32.785648,2026-02-08T05-31-47Z_620d,NVIDIA GeForce RTX 3080,10240,SmolLM2-360M-Instruct-GGUF,Q2_K,0.20365583896636963,2048,small,2.16,0.04,2.17,2.21,2.22,2.18,2.16,1000.00,0.00,224.8,0.0006,0.1,,40,23.0024,AMD Ryzen Threadripper 2990WX 32-Core Processor,94.2 GB
2026-02-08T16:33:33.248399,2026-02-08T05-31-47Z_620d,NVIDIA GeForce RTX 3080,10240,SmolLM2-360M-Instruct-GGUF,Q2_K,0.20365583896636963,2048,medium,2.18,0.04,2.19,2.23,2.25,2.25,2.17,1000.00,0.00,189.1,0.0005,0.1,,40,23.0024,AMD Ryzen Threadripper 2990WX 32-Core Processor,94.2 GB
2026-02-08T16:33:33.711939,2026-02-08T05-31-47Z_620d,NVIDIA GeForce RTX 3080,10240,SmolLM2-360M-Instruct-GGUF,Q2_K,0.20365583896636963,2048,large,2.22,0.08,2.21,2.30,2.67,2.30,2.22,1000.00,0.00,153.3,0.0004,0.2,,40,23.0024,AMD Ryzen Threadripper 2990WX 32-Core Processor,94.2 GB
2026-02-08T16:33:34.173422,2026-02-08T05-31-47Z_620d,NVIDIA GeForce RTX 3080,10240,SmolLM2-360M-Instruct-GGUF,Q2_K,0.20365583896636963,2048,xlarge,4.81,0.50,4.75,6.48,6.54,4.73,4.82,459.59,0.91,225.4,0.0014,2.2,,40,23.0024,AMD Ryzen Threadripper 2990WX 32-Core Processor,94.2 GB
2026-02-08T16:34:12.311066,2026-02-08T05-33-55Z_4dd4,NVIDIA GeForce RTX 3080,10240,SmolLM3-3B-GGUF,F16,5.735400706529617,2048,tiny,10.65,0.14,10.69,10.82,10.83,10.83,10.65,98.30,0.08,338.1,3.7598,0.3,,40,,AMD Ryzen Threadripper 2990WX 32-Core Processor,94.2 GB
2026-02-08T16:35:07.982527,2026-02-08T05-33-55Z_4dd4,NVIDIA GeForce RTX 3080,10240,SmolLM3-3B-GGUF,F16,5.735400706529617,2048,small,12.69,0.28,12.73,13.05,13.46,12.61,12.69,97.68,0.06,342.0,3.8030,0.3,,40,,AMD Ryzen Threadripper 2990WX 32-Core Processor,94.2 GB
2026-02-08T16:36:03.935052,2026-02-08T05-33-55Z_4dd4,NVIDIA GeForce RTX 3080,10240,SmolLM3-3B-GGUF,F16,5.735400706529617,2048,medium,12.74,0.25,12.73,13.17,13.32,12.57,12.75,97.47,0.04,342.2,3.8058,0.3,,40,,AMD Ryzen Threadripper 2990WX 32-Core Processor,94.2 GB
2026-02-08T16:37:00.017198,2026-02-08T05-33-55Z_4dd4,NVIDIA GeForce RTX 3080,10240,SmolLM3-3B-GGUF,F16,5.735400706529617,2048,large,12.76,0.27,12.73,13.31,13.83,12.39,12.77,97.34,0.04,342.6,3.8091,0.4,,40,,AMD Ryzen Threadripper 2990WX 32-Core Processor,94.2 GB
2026-02-08T16:37:56.186137,2026-02-08T05-33-55Z_4dd4,NVIDIA GeForce RTX 3080,10240,SmolLM3-3B-GGUF,F16,5.735400706529617,2048,xlarge,11.39,0.10,11.39,11.55,11.57,11.52,11.38,95.17,0.05,342.3,3.8062,2.7,,40,,AMD Ryzen Threadripper 2990WX 32-Core Processor,94.2 GB
2026-02-08T16:39:03.382181,2026-02-08T05-33-55Z_4dd4,NVIDIA GeForce RTX 3080,10240,SmolLM3-3B-GGUF,Q8_0,3.050617039203644,2048,tiny,6.78,0.15,6.86,7.01,7.08,6.86,6.78,156.47,0.18,343.8,1.9128,0.3,,40,,AMD Ryzen Threadripper 2990WX 32-Core Processor,94.2 GB
2026-02-08T16:39:38.405036,2026-02-08T05-33-55Z_4dd4,NVIDIA GeForce RTX 3080,10240,SmolLM3-3B-GGUF,Q8_0,3.050617039203644,2048,small,9.27,0.29,9.28,9.85,10.01,9.07,9.28,155.12,0.13,345.6,1.9229,0.3,,40,,AMD Ryzen Threadripper 2990WX 32-Core Processor,94.2 GB
2026-02-08T16:40:13.835930,2026-02-08T05-33-55Z_4dd4,NVIDIA GeForce RTX 3080,10240,SmolLM3-3B-GGUF,Q8_0,3.050617039203644,2048,medium,9.23,0.31,9.26,9.70,9.80,8.82,9.24,154.58,0.06,345.8,1.9233,0.3,,40,,AMD Ryzen Threadripper 2990WX 32-Core Processor,94.2 GB
2026-02-08T16:40:49.396818,2026-02-08T05-33-55Z_4dd4,NVIDIA GeForce RTX 3080,10240,SmolLM3-3B-GGUF,Q8_0,3.050617039203644,2048,large,9.46,0.40,9.47,9.84,11.49,8.84,9.48,154.08,0.24,345.8,1.9244,0.4,,40,,AMD Ryzen Threadripper 2990WX 32-Core Processor,94.2 GB
2026-02-08T16:41:25.113591,2026-02-08T05-33-55Z_4dd4,NVIDIA GeForce RTX 3080,10240,SmolLM3-3B-GGUF,Q8_0,3.050617039203644,2048,xlarge,7.57,0.12,7.60,7.76,7.87,7.71,7.57,148.88,0.13,346.9,1.9298,2.7,,40,,AMD Ryzen Threadripper 2990WX 32-Core Processor,94.2 GB
2026-02-08T16:42:09.685944,2026-02-08T05-33-55Z_4dd4,NVIDIA GeForce RTX 3080,10240,SmolLM3-3B-GGUF,Q6_K,2.3570478558540344,2048,tiny,6.04,0.15,6.09,6.24,6.29,5.91,6.04,178.43,0.36,335.9,1.8688,0.3,,40,,AMD Ryzen Threadripper 2990WX 32-Core Processor,94.2 GB
2026-02-08T16:42:40.486664,2026-02-08T05-33-55Z_4dd4,NVIDIA GeForce RTX 3080,10240,SmolLM3-3B-GGUF,Q6_K,2.3570478558540344,2048,small,8.44,0.32,8.40,9.13,9.45,7.95,8.45,176.76,0.26,336.0,1.8696,0.3,,40,,AMD Ryzen Threadripper 2990WX 32-Core Processor,94.2 GB
2026-02-08T16:43:11.657440,2026-02-08T05-33-55Z_4dd4,NVIDIA GeForce RTX 3080,10240,SmolLM3-3B-GGUF,Q6_K,2.3570478558540344,2048,medium,8.56,0.29,8.60,9.09,9.40,8.39,8.57,176.00,0.32,337.7,1.8791,0.3,,40,,AMD Ryzen Threadripper 2990WX 32-Core Processor,94.2 GB
2026-02-08T16:43:42.994322,2026-02-08T05-33-55Z_4dd4,NVIDIA GeForce RTX 3080,10240,SmolLM3-3B-GGUF,Q6_K,2.3570478558540344,2048,large,8.65,0.41,8.58,9.27,10.51,7.98,8.66,175.67,0.12,337.4,1.8775,0.4,,40,,AMD Ryzen Threadripper 2990WX 32-Core Processor,94.2 GB
2026-02-08T16:44:14.392202,2026-02-08T05-33-55Z_4dd4,NVIDIA GeForce RTX 3080,10240,SmolLM3-3B-GGUF,Q6_K,2.3570478558540344,2048,xlarge,6.75,0.13,6.78,6.94,7.07,6.63,6.75,169.12,0.18,339.3,1.8878,2.7,,40,,AMD Ryzen Threadripper 2990WX 32-Core Processor,94.2 GB
2026-02-08T16:44:54.195824,2026-02-08T05-33-55Z_4dd4,NVIDIA GeForce RTX 3080,10240,SmolLM3-3B-GGUF,Q5_K_M,2.061721622943878,2048,tiny,5.46,0.19,5.51,5.79,5.80,5.40,5.46,198.87,0.31,337.3,1.8767,0.3,,40,,AMD Ryzen Threadripper 2990WX 32-Core Processor,94.2 GB
2026-02-08T16:45:21.897307,2026-02-08T05-33-55Z_4dd4,NVIDIA GeForce RTX 3080,10240,SmolLM3-3B-GGUF,Q5_K_M,2.061721622943878,2048,small,8.14,0.47,8.17,8.59,10.48,7.77,8.14,196.58,0.28,337.3,1.8773,0.3,,40,,AMD Ryzen Threadripper 2990WX 32-Core Processor,94.2 GB
2026-02-08T16:45:50.017717,2026-02-08T05-33-55Z_4dd4,NVIDIA GeForce RTX 3080,10240,SmolLM3-3B-GGUF,Q5_K_M,2.061721622943878,2048,medium,8.21,0.58,8.19,8.77,11.15,7.76,8.22,195.56,0.37,337.0,1.8747,0.3,,40,,AMD Ryzen Threadripper 2990WX 32-Core Processor,94.2 GB
2026-02-08T16:46:18.290869,2026-02-08T05-33-55Z_4dd4,NVIDIA GeForce RTX 3080,10240,SmolLM3-3B-GGUF,Q5_K_M,2.061721622943878,2048,large,8.10,0.35,8.11,8.78,8.79,7.46,8.12,195.06,0.10,337.7,1.8799,0.4,,40,,AMD Ryzen Threadripper 2990WX 32-Core Processor,94.2 GB
2026-02-08T16:46:46.615745,2026-02-08T05-33-55Z_4dd4,NVIDIA GeForce RTX 3080,10240,SmolLM3-3B-GGUF,Q5_K_M,2.061721622943878,2048,xlarge,6.18,0.16,6.22,6.44,6.49,6.36,6.18,186.90,0.14,338.4,1.8825,2.7,,40,,AMD Ryzen Threadripper 2990WX 32-Core Processor,94.2 GB
2026-02-08T16:47:22.820310,2026-02-08T05-33-55Z_4dd4,NVIDIA GeForce RTX 3080,10240,SmolLM3-3B-GGUF,Q4_K_M,1.7837675213813782,2048,tiny,5.05,0.16,5.13,5.28,5.28,5.03,5.05,214.61,0.44,337.3,1.8770,0.3,,40,9.1172,AMD Ryzen Threadripper 2990WX 32-Core Processor,94.2 GB
2026-02-08T16:47:48.510424,2026-02-08T05-33-55Z_4dd4,NVIDIA GeForce RTX 3080,10240,SmolLM3-3B-GGUF,Q4_K_M,1.7837675213813782,2048,small,7.81,0.29,7.79,8.27,8.28,7.36,7.82,212.34,0.40,337.2,1.8777,0.3,,40,9.1172,AMD Ryzen Threadripper 2990WX 32-Core Processor,94.2 GB
2026-02-08T16:48:14.591398,2026-02-08T05-33-55Z_4dd4,NVIDIA GeForce RTX 3080,10240,SmolLM3-3B-GGUF,Q4_K_M,1.7837675213813782,2048,medium,7.93,0.22,7.88,8.40,8.48,7.38,7.95,211.15,0.39,337.8,1.8794,0.3,,40,9.1172,AMD Ryzen Threadripper 2990WX 32-Core Processor,94.2 GB
2026-02-08T16:48:40.836219,2026-02-08T05-33-55Z_4dd4,NVIDIA GeForce RTX 3080,10240,SmolLM3-3B-GGUF,Q4_K_M,1.7837675213813782,2048,large,7.87,0.22,7.93,8.14,8.38,7.42,7.89,210.51,0.12,338.0,1.8815,0.4,,40,9.1172,AMD Ryzen Threadripper 2990WX 32-Core Processor,94.2 GB
2026-02-08T16:49:07.140455,2026-02-08T05-33-55Z_4dd4,NVIDIA GeForce RTX 3080,10240,SmolLM3-3B-GGUF,Q4_K_M,1.7837675213813782,2048,xlarge,5.83,0.20,5.86,6.20,6.22,6.20,5.82,200.69,0.23,336.8,1.8743,2.7,,40,9.1172,AMD Ryzen Threadripper 2990WX 32-Core Processor,94.2 GB
2026-02-08T16:49:40.256020,2026-02-08T05-33-55Z_4dd4,NVIDIA GeForce RTX 3080,10240,SmolLM3-3B-GGUF,Q3_K_M,1.463172733783722,2048,tiny,5.96,0.15,5.96,6.19,6.20,5.68,5.97,183.11,0.39,334.3,1.8607,0.3,,40,,AMD Ryzen Threadripper 2990WX 32-Core Processor,94.2 GB
2026-02-08T16:50:10.294646,2026-02-08T05-33-55Z_4dd4,NVIDIA GeForce RTX 3080,10240,SmolLM3-3B-GGUF,Q3_K_M,1.463172733783722,2048,small,8.58,0.34,8.57,9.04,9.13,7.83,8.60,181.36,0.24,333.4,1.8556,0.3,,40,,AMD Ryzen Threadripper 2990WX 32-Core Processor,94.2 GB
2026-02-08T16:50:40.741477,2026-02-08T05-33-55Z_4dd4,NVIDIA GeForce RTX 3080,10240,SmolLM3-3B-GGUF,Q3_K_M,1.463172733783722,2048,medium,8.44,0.23,8.45,8.81,9.01,7.80,8.46,180.59,0.36,333.1,1.8540,0.3,,40,,AMD Ryzen Threadripper 2990WX 32-Core Processor,94.2 GB
2026-02-08T16:51:11.322667,2026-02-08T05-33-55Z_4dd4,NVIDIA GeForce RTX 3080,10240,SmolLM3-3B-GGUF,Q3_K_M,1.463172733783722,2048,large,8.56,0.37,8.48,9.42,10.30,8.48,8.56,180.23,0.21,334.1,1.8593,0.4,,40,,AMD Ryzen Threadripper 2990WX 32-Core Processor,94.2 GB
2026-02-08T16:51:41.944502,2026-02-08T05-33-55Z_4dd4,NVIDIA GeForce RTX 3080,10240,SmolLM3-3B-GGUF,Q3_K_M,1.463172733783722,2048,xlarge,6.60,0.17,6.63,6.86,6.87,6.37,6.60,173.54,0.20,336.9,1.8747,2.7,,40,,AMD Ryzen Threadripper 2990WX 32-Core Processor,94.2 GB
2026-02-08T16:52:18.275981,2026-02-08T05-33-55Z_4dd4,NVIDIA GeForce RTX 3080,10240,SmolLM3-3B-GGUF,Q2_K,1.1672285199165344,2048,tiny,5.08,0.13,5.05,5.42,5.44,5.07,5.08,211.30,0.98,331.3,1.8431,0.3,,40,,AMD Ryzen Threadripper 2990WX 32-Core Processor,94.2 GB
2026-02-08T16:52:44.394463,2026-02-08T05-33-55Z_4dd4,NVIDIA GeForce RTX 3080,10240,SmolLM3-3B-GGUF,Q2_K,1.1672285199165344,2048,small,7.83,0.34,7.82,8.41,8.44,7.06,7.85,209.39,0.68,331.5,1.8449,0.3,,40,,AMD Ryzen Threadripper 2990WX 32-Core Processor,94.2 GB
2026-02-08T16:53:10.844593,2026-02-08T05-33-55Z_4dd4,NVIDIA GeForce RTX 3080,10240,SmolLM3-3B-GGUF,Q2_K,1.1672285199165344,2048,medium,7.71,0.26,7.65,8.14,8.50,8.07,7.70,208.62,0.53,332.5,1.8505,0.3,,40,,AMD Ryzen Threadripper 2990WX 32-Core Processor,94.2 GB
2026-02-08T16:53:37.377236,2026-02-08T05-33-55Z_4dd4,NVIDIA GeForce RTX 3080,10240,SmolLM3-3B-GGUF,Q2_K,1.1672285199165344,2048,large,7.72,0.19,7.76,8.00,8.08,7.22,7.73,208.17,0.21,332.1,1.8490,0.4,,40,,AMD Ryzen Threadripper 2990WX 32-Core Processor,94.2 GB
2026-02-08T16:54:03.958256,2026-02-08T05-33-55Z_4dd4,NVIDIA GeForce RTX 3080,10240,SmolLM3-3B-GGUF,Q2_K,1.1672285199165344,2048,xlarge,5.88,0.17,5.91,6.07,6.08,5.40,5.89,198.79,0.33,329.7,1.8345,2.7,,40,,AMD Ryzen Threadripper 2990WX 32-Core Processor,94.2 GB
2026-02-08T16:54:44.467455,2026-02-08T05-54-38Z_82b8,NVIDIA GeForce RTX 3080,10240,TinyLlama-1.1B,F16,2.0498583614826202,2048,tiny,4.28,0.14,4.32,4.50,4.54,4.33,4.28,252.01,0.33,339.3,1.8883,27.2,,40,7.7278,AMD Ryzen Threadripper 2990WX 32-Core Processor,94.2 GB
2026-02-08T16:55:06.770480,2026-02-08T05-54-38Z_82b8,NVIDIA GeForce RTX 3080,10240,TinyLlama-1.1B,F16,2.0498583614826202,2048,small,5.82,0.39,5.83,6.48,7.01,5.41,5.83,248.75,0.70,340.4,1.8952,30.8,,40,7.7278,AMD Ryzen Threadripper 2990WX 32-Core Processor,94.2 GB
2026-02-08T16:55:28.984774,2026-02-08T05-54-38Z_82b8,NVIDIA GeForce RTX 3080,10240,TinyLlama-1.1B,F16,2.0498583614826202,2048,medium,5.97,0.32,6.07,6.35,6.51,6.24,5.96,248.26,0.22,343.5,1.9116,33.9,,40,7.7278,AMD Ryzen Threadripper 2990WX 32-Core Processor,94.2 GB
2026-02-08T16:55:51.249555,2026-02-08T05-54-38Z_82b8,NVIDIA GeForce RTX 3080,10240,TinyLlama-1.1B,F16,2.0498583614826202,2048,large,4.43,0.09,4.43,4.55,4.61,4.19,4.43,248.30,0.34,343.5,1.9122,41.9,,40,7.7278,AMD Ryzen Threadripper 2990WX 32-Core Processor,94.2 GB
2026-02-08T16:56:13.471811,2026-02-08T05-54-38Z_82b8,NVIDIA GeForce RTX 3080,10240,TinyLlama-1.1B,F16,2.0498583614826202,2048,xlarge,4.85,0.20,4.93,5.05,5.11,4.92,4.85,249.98,0.21,312.5,0.0017,270.2,,40,7.7278,AMD Ryzen Threadripper 2990WX 32-Core Processor,94.2 GB
2026-02-08T16:56:21.092897,2026-02-08T05-54-38Z_82b8,NVIDIA GeForce RTX 3080,10240,TinyLlama-1.1B,Q8_0,1.0894701778888702,2048,tiny,2.96,0.14,3.02,3.17,3.19,3.07,2.95,368.16,1.04,320.6,0.0018,27.2,,40,7.7342,AMD Ryzen Threadripper 2990WX 32-Core Processor,94.2 GB
2026-02-08T16:56:36.203949,2026-02-08T05-54-38Z_82b8,NVIDIA GeForce RTX 3080,10240,TinyLlama-1.1B,Q8_0,1.0894701778888702,2048,small,4.30,0.39,4.34,4.74,5.76,4.02,4.31,361.33,1.23,323.0,0.0019,30.8,,40,7.7342,AMD Ryzen Threadripper 2990WX 32-Core Processor,94.2 GB
2026-02-08T16:56:51.646539,2026-02-08T05-54-38Z_82b8,NVIDIA GeForce RTX 3080,10240,TinyLlama-1.1B,Q8_0,1.0894701778888702,2048,medium,4.27,0.33,4.19,4.82,4.97,4.00,4.28,360.34,1.09,323.5,0.0017,33.9,,40,7.7342,AMD Ryzen Threadripper 2990WX 32-Core Processor,94.2 GB
2026-02-08T16:57:07.117672,2026-02-08T05-54-38Z_82b8,NVIDIA GeForce RTX 3080,10240,TinyLlama-1.1B,Q8_0,1.0894701778888702,2048,large,3.14,0.07,3.16,3.23,3.25,3.16,3.14,359.65,1.15,324.7,0.0017,41.9,,40,7.7342,AMD Ryzen Threadripper 2990WX 32-Core Processor,94.2 GB
2026-02-08T16:57:22.601705,2026-02-08T05-54-38Z_82b8,NVIDIA GeForce RTX 3080,10240,TinyLlama-1.1B,Q8_0,1.0894701778888702,2048,xlarge,3.67,0.09,3.68,3.83,3.84,3.65,3.67,355.90,0.43,289.2,0.0016,270.2,,40,7.7342,AMD Ryzen Threadripper 2990WX 32-Core Processor,94.2 GB
2026-02-08T16:57:28.747056,2026-02-08T05-54-38Z_82b8,NVIDIA GeForce RTX 3080,10240,TinyLlama-1.1B,Q6_K,0.8413698971271515,2048,tiny,2.55,0.04,2.55,2.72,2.74,2.51,2.56,1000.00,0.00,171.8,0.0006,5.3,,40,7.7552,AMD Ryzen Threadripper 2990WX 32-Core Processor,94.2 GB
2026-02-08T16:57:29.514772,2026-02-08T05-54-38Z_82b8,NVIDIA GeForce RTX 3080,10240,TinyLlama-1.1B,Q6_K,0.8413698971271515,2048,small,2.71,0.12,2.69,2.85,2.89,2.69,2.71,405.46,1.73,334.7,0.0020,30.8,,40,7.7552,AMD Ryzen Threadripper 2990WX 32-Core Processor,94.2 GB
2026-02-08T16:57:43.282567,2026-02-08T05-54-38Z_82b8,NVIDIA GeForce RTX 3080,10240,TinyLlama-1.1B,Q6_K,0.8413698971271515,2048,medium,2.78,0.11,2.83,2.94,2.95,2.83,2.78,403.32,2.36,335.9,0.0019,33.9,,40,7.7552,AMD Ryzen Threadripper 2990WX 32-Core Processor,94.2 GB
2026-02-08T16:57:57.125195,2026-02-08T05-54-38Z_82b8,NVIDIA GeForce RTX 3080,10240,TinyLlama-1.1B,Q6_K,0.8413698971271515,2048,large,4.18,0.23,4.21,4.56,4.58,4.20,4.18,400.67,2.17,334.5,0.0018,41.9,,40,7.7552,AMD Ryzen Threadripper 2990WX 32-Core Processor,94.2 GB
2026-02-08T16:58:11.122237,2026-02-08T05-54-38Z_82b8,NVIDIA GeForce RTX 3080,10240,TinyLlama-1.1B,Q6_K,0.8413698971271515,2048,xlarge,3.29,0.19,3.40,3.46,3.54,3.40,3.29,391.57,1.07,305.4,0.0016,270.2,,40,7.7552,AMD Ryzen Threadripper 2990WX 32-Core Processor,94.2 GB
2026-02-08T16:58:16.566221,2026-02-08T05-54-38Z_82b8,NVIDIA GeForce RTX 3080,10240,TinyLlama-1.1B,Q5_K_M,0.7283366024494171,2048,tiny,2.51,0.13,2.58,2.69,2.70,2.32,2.52,446.27,1.52,330.0,0.0018,27.2,,40,7.8127,AMD Ryzen Threadripper 2990WX 32-Core Processor,94.2 GB
2026-02-08T16:58:29.136081,2026-02-08T05-54-38Z_82b8,NVIDIA GeForce RTX 3080,10240,TinyLlama-1.1B,Q5_K_M,0.7283366024494171,2048,small,3.86,0.27,3.85,4.26,4.37,3.38,3.87,437.26,1.06,335.7,0.0020,30.8,,40,7.8127,AMD Ryzen Threadripper 2990WX 32-Core Processor,94.2 GB
2026-02-08T16:58:41.995112,2026-02-08T05-54-38Z_82b8,NVIDIA GeForce RTX 3080,10240,TinyLlama-1.1B,Q5_K_M,0.7283366024494171,2048,medium,4.00,0.26,3.97,4.74,4.88,3.55,4.01,434.97,1.25,336.3,0.0019,33.9,,40,7.8127,AMD Ryzen Threadripper 2990WX 32-Core Processor,94.2 GB
2026-02-08T16:58:54.918997,2026-02-08T05-54-38Z_82b8,NVIDIA GeForce RTX 3080,10240,TinyLlama-1.1B,Q5_K_M,0.7283366024494171,2048,large,2.66,0.12,2.69,2.84,2.84,2.68,2.66,433.02,2.46,337.2,0.0018,41.9,,40,7.8127,AMD Ryzen Threadripper 2990WX 32-Core Processor,94.2 GB
2026-02-08T16:59:07.869200,2026-02-08T05-54-38Z_82b8,NVIDIA GeForce RTX 3080,10240,TinyLlama-1.1B,Q5_K_M,0.7283366024494171,2048,xlarge,3.09,0.15,3.15,3.21,3.26,3.05,3.09,424.81,1.28,293.9,0.0016,270.2,,40,7.8127,AMD Ryzen Threadripper 2990WX 32-Core Processor,94.2 GB
2026-02-08T16:59:13.160498,2026-02-08T05-54-38Z_82b8,NVIDIA GeForce RTX 3080,10240,TinyLlama-1.1B,Q4_K_M,0.6219523251056671,2048,tiny,2.43,0.12,2.46,2.57,2.59,2.20,2.43,474.31,1.59,321.3,0.0017,27.2,,40,8.0404,AMD Ryzen Threadripper 2990WX 32-Core Processor,94.2 GB
2026-02-08T16:59:25.017307,2026-02-08T05-54-38Z_82b8,NVIDIA GeForce RTX 3080,10240,TinyLlama-1.1B,Q4_K_M,0.6219523251056671,2048,small,3.78,0.36,3.78,4.64,4.81,3.39,3.79,463.04,2.36,325.1,0.0019,30.8,,40,8.0404,AMD Ryzen Threadripper 2990WX 32-Core Processor,94.2 GB
2026-02-08T16:59:37.206371,2026-02-08T05-54-38Z_82b8,NVIDIA GeForce RTX 3080,10240,TinyLlama-1.1B,Q4_K_M,0.6219523251056671,2048,medium,4.04,0.33,3.98,4.60,5.36,3.77,4.05,459.29,3.02,324.3,0.0018,33.9,,40,8.0404,AMD Ryzen Threadripper 2990WX 32-Core Processor,94.2 GB
2026-02-08T16:59:49.489958,2026-02-08T05-54-38Z_82b8,NVIDIA GeForce RTX 3080,10240,TinyLlama-1.1B,Q4_K_M,0.6219523251056671,2048,large,2.52,0.10,2.55,2.67,2.68,2.33,2.52,460.13,1.55,325.7,0.0018,41.9,,40,8.0404,AMD Ryzen Threadripper 2990WX 32-Core Processor,94.2 GB
2026-02-08T17:00:01.709248,2026-02-08T05-54-38Z_82b8,NVIDIA GeForce RTX 3080,10240,TinyLlama-1.1B,Q4_K_M,0.6219523251056671,2048,xlarge,3.09,0.16,3.11,3.42,3.43,3.08,3.09,426.08,1.58,318.8,0.0018,289.1,,40,8.0404,AMD Ryzen Threadripper 2990WX 32-Core Processor,94.2 GB
2026-02-08T17:00:17.391630,2026-02-08T05-54-38Z_82b8,NVIDIA GeForce RTX 3080,10240,TinyLlama-1.1B,Q3_K_M,0.5107424557209015,2048,tiny,2.64,0.12,2.70,2.75,2.82,2.70,2.63,424.18,1.43,331.3,0.0016,27.2,,40,8.4057,AMD Ryzen Threadripper 2990WX 32-Core Processor,94.2 GB
2026-02-08T17:00:30.612746,2026-02-08T05-54-38Z_82b8,NVIDIA GeForce RTX 3080,10240,TinyLlama-1.1B,Q3_K_M,0.5107424557209015,2048,small,4.18,0.28,4.19,4.75,4.94,4.04,4.18,412.58,2.74,333.1,0.0016,30.8,,40,8.4057,AMD Ryzen Threadripper 2990WX 32-Core Processor,94.2 GB
2026-02-08T17:00:44.214508,2026-02-08T05-54-38Z_82b8,NVIDIA GeForce RTX 3080,10240,TinyLlama-1.1B,Q3_K_M,0.5107424557209015,2048,medium,4.37,0.35,4.40,4.79,5.63,4.02,4.38,413.98,2.18,332.5,0.0018,33.9,,40,8.4057,AMD Ryzen Threadripper 2990WX 32-Core Processor,94.2 GB
2026-02-08T17:00:57.803994,2026-02-08T05-54-38Z_82b8,NVIDIA GeForce RTX 3080,10240,TinyLlama-1.1B,Q3_K_M,0.5107424557209015,2048,large,2.93,0.05,2.94,3.01,3.03,2.94,2.93,411.81,1.44,330.7,0.0017,41.9,,40,8.4057,AMD Ryzen Threadripper 2990WX 32-Core Processor,94.2 GB
2026-02-08T17:01:11.435613,2026-02-08T05-54-38Z_82b8,NVIDIA GeForce RTX 3080,10240,TinyLlama-1.1B,Q3_K_M,0.5107424557209015,2048,xlarge,3.34,0.21,3.39,3.60,3.73,3.37,3.34,393.22,2.56,311.8,0.0017,272.9,,40,8.4057,AMD Ryzen Threadripper 2990WX 32-Core Processor,94.2 GB
2026-02-08T17:01:17.598109,2026-02-08T05-54-38Z_82b8,NVIDIA GeForce RTX 3080,10240,TinyLlama-1.1B,Q2_K,0.4024546444416046,2048,tiny,2.43,0.11,2.50,2.53,2.53,2.41,2.43,461.96,0.63,316.3,0.0015,27.2,,40,11.5854,AMD Ryzen Threadripper 2990WX 32-Core Processor,94.2 GB
2026-02-08T17:01:29.768427,2026-02-08T05-54-38Z_82b8,NVIDIA GeForce RTX 3080,10240,TinyLlama-1.1B,Q2_K,0.4024546444416046,2048,small,4.28,0.22,4.31,4.61,4.68,4.48,4.27,451.87,0.53,320.1,0.0019,30.8,,40,11.5854,AMD Ryzen Threadripper 2990WX 32-Core Processor,94.2 GB
2026-02-08T17:01:42.255470,2026-02-08T05-54-38Z_82b8,NVIDIA GeForce RTX 3080,10240,TinyLlama-1.1B,Q2_K,0.4024546444416046,2048,medium,4.22,0.35,4.22,4.64,5.74,4.19,4.22,447.74,2.61,318.9,0.0015,33.9,,40,11.5854,AMD Ryzen Threadripper 2990WX 32-Core Processor,94.2 GB
2026-02-08T17:01:54.861703,2026-02-08T05-54-38Z_82b8,NVIDIA GeForce RTX 3080,10240,TinyLlama-1.1B,Q2_K,0.4024546444416046,2048,large,2.57,0.36,2.59,2.63,4.67,2.36,2.58,448.05,1.88,320.0,0.0016,41.9,,40,11.5854,AMD Ryzen Threadripper 2990WX 32-Core Processor,94.2 GB
2026-02-08T17:02:07.422426,2026-02-08T05-54-38Z_82b8,NVIDIA GeForce RTX 3080,10240,TinyLlama-1.1B,Q2_K,0.4024546444416046,2048,xlarge,3.10,0.17,3.14,3.34,3.40,2.66,3.11,417.44,1.83,326.2,0.0017,289.1,,40,11.5854,AMD Ryzen Threadripper 2990WX 32-Core Processor,94.2 GB
